country_code,country,diet,kg/cap/yr,kcal/cap/day,g_pro/cap/day,loss_adj_kg/cap/yr,loss_adj_g_pro/cap/day,loss_adj_kcal/cap/day
1,Armenia,baseline,998.838230642015,3119.5505100791725,101.51733835656151,784.4665589538714,77.54358023172875,2429.64351743289
1,Armenia,eat_lancet,553.1952841717992,2625.779153453567,0.0,501.4203703333894,0.0,2407.0
1,Armenia,high_income,741.6799065729032,3120.693808395011,101.69523614231477,597.7199495636355,80.81801085537485,2574.2691521789475
2,Afghanistan,baseline,413.1459219295678,2440.3285260612215,62.756397903963354,342.8345873455843,53.05778952510021,2111.5842115446835
2,Afghanistan,eat_lancet,588.1747937556231,2819.5637891322667,0.0,498.2386218216735,0.0,2503.0
2,Afghanistan,high_income,719.3629304680738,3076.8271542220077,94.49237917860519,580.0315213827472,74.95599778318652,2539.3857820743256
3,Albania,baseline,1248.679764175481,3548.029364858101,125.72940554001707,989.3128368952794,99.27998448861824,2796.297593189416
3,Albania,eat_lancet,551.599437093222,2624.864478945065,0.0,500.0617073737593,0.0,2407.0
3,Albania,high_income,741.6799065729032,3120.693808395011,101.69523614231477,597.7199495636355,80.81801085537485,2574.2691521789475
4,Algeria,baseline,841.7749022999503,3714.807571262798,98.05061528790414,640.6051559609307,76.06220839758191,3025.801007269749
4,Algeria,eat_lancet,619.1815373190675,2846.5148523981043,0.0,505.8730598381191,0.0,2503.0
4,Algeria,high_income,744.4756993359983,3123.6908334672908,101.71412446162405,600.4589801956691,80.83446217447658,2577.1333993209887
7,Angola,baseline,664.7695246261151,2653.9399540236377,57.10386099461799,513.14444608347,47.28183734063604,2202.8066207321513
7,Angola,eat_lancet,606.8669122467759,2853.581255707584,0.0,496.53344338681467,0.0,2503.0
7,Angola,high_income,744.5659493359984,3125.765833467291,101.71412446162405,600.5492301956691,80.83446217447658,2579.208399320989
8,Antigua and Barbuda,baseline,545.705,2180.5,77.11,446.7272241914734,64.12541996067006,1866.743136032442
8,Antigua and Barbuda,eat_lancet,590.7383522477049,2671.903550759979,0.0,503.5984341385067,0.0,2407.0
8,Antigua and Barbuda,high_income,545.705,2180.5,77.11,446.7272241914734,64.12541996067006,1866.743136032442
9,Argentina,baseline,779.6631394440134,3433.6140565302144,114.71531662384704,622.5182725376823,92.83561329575572,2875.8622899151737
9,Argentina,eat_lancet,599.9078270480264,2758.788663764077,0.0,490.751364499879,0.0,2407.0
9,Argentina,high_income,744.265665173337,3123.197014025624,101.70524196368322,600.3057081640693,80.82801667674332,2576.77235780956
10,Australia,baseline,875.9714577459094,3403.007400358979,111.11078372387881,703.586132443018,85.58308851275542,2805.7283265534566
10,Australia,eat_lancet,553.0368475185329,2707.635057057167,0.0,503.97960760246366,0.0,2503.0
10,Australia,high_income,875.9714577459094,3403.007400358979,111.11078372387881,703.586132443018,85.58308851275542,2805.7283265534566
11,Austria,baseline,814.1248314884365,3453.108849132143,112.57563928465767,660.9321958170847,89.32279804826925,2861.6812884759684
11,Austria,eat_lancet,536.0464546742847,2607.0599516706616,0.0,494.30887333440813,0.0,2407.0
11,Austria,high_income,814.1248314884365,3453.108849132143,112.57563928465767,660.9321958170847,89.32279804826925,2861.6812884759684
12,Bahamas,baseline,588.8927687296417,2400.7854525721314,77.70543139835466,478.28106019123805,64.60171684575417,2071.9247333791686
12,Bahamas,eat_lancet,586.5298513208392,2768.8610224652903,0.0,496.98587773741224,0.0,2503.0
12,Bahamas,high_income,588.8927687296417,2400.7854525721314,77.70543139835466,478.28106019123805,64.60171684575417,2071.9247333791686
14,Barbados,baseline,550.5108115183245,2805.2023390545323,85.55930086561418,463.688357680752,71.27591001189239,2447.7079374205496
14,Barbados,eat_lancet,582.3282085370644,2766.7190435747425,0.0,500.24102431880414,0.0,2503.0
14,Barbados,high_income,550.5108115183245,2805.2023390545323,85.55930086561418,463.688357680752,71.27591001189239,2447.7079374205496
16,Bangladesh,baseline,506.99428340873874,2664.579942130095,61.990531246084466,426.60280278602403,53.019096533578406,2344.4356303160052
16,Bangladesh,eat_lancet,575.068036691431,2808.625017304272,0.0,485.6909310760354,0.0,2503.0
16,Bangladesh,high_income,744.5659493359984,3125.765833467291,101.71412446162405,600.5492301956691,80.83446217447658,2579.208399320989
19,Bolivia (Plurinational State of),baseline,677.057240192056,2474.030203961004,80.20183336155239,552.6184039028551,65.1672029717536,2049.1187081172448
19,Bolivia (Plurinational State of),eat_lancet,605.8929018703001,2823.651391203955,0.0,499.59473688780656,0.0,2503.0
19,Bolivia (Plurinational State of),high_income,744.5659493359984,3125.765833467291,101.71412446162405,600.5492301956691,80.83446217447658,2579.208399320989
20,Botswana,baseline,490.9541751653031,2483.0329989325433,66.08153904106958,415.98029209209244,57.25676295814067,2234.2840025836276
20,Botswana,eat_lancet,583.405767134081,2768.3723693300967,0.0,491.5715146510911,0.0,2503.0
20,Botswana,high_income,744.4756993359983,3123.6908334672908,101.71412446162405,600.4589801956691,80.83446217447658,2577.1333993209887
21,Brazil,baseline,1195.6992662453447,3905.623676979896,104.44404030019588,1039.275060104955,85.46094239608354,3362.1330803598507
21,Brazil,eat_lancet,602.1677960797109,2830.712731073487,0.0,495.1446680416526,0.0,2503.0
21,Brazil,high_income,744.5659493359984,3125.765833467291,101.71412446162405,600.5492301956691,80.83446217447658,2579.208399320989
23,Belize,baseline,784.5604268292683,2856.126166667447,74.64025889261713,679.7347993851474,61.52305850533899,2475.547568791667
23,Belize,eat_lancet,580.3515372510021,2685.1199448441444,0.0,492.1783585038255,0.0,2407.0
23,Belize,high_income,740.365433611738,3116.074162941695,101.5690698661988,596.3487144714088,80.68940757905132,2569.5167287953923
25,Solomon Islands,baseline,680.3077114041893,2473.2037523793224,54.24476860436404,489.7120684070395,40.44295374560036,1835.314675802919
25,Solomon Islands,eat_lancet,531.9788981853941,2632.0001158020486,0.0,492.2970053918742,0.0,2503.0
25,Solomon Islands,high_income,735.8758308415116,3086.586124557156,100.83250715081691,593.3700493378949,80.21695130131566,2550.4686728633596
27,Bulgaria,baseline,677.5410365293577,3082.6584259243423,97.46430425492977,529.2295974293622,73.21690789102928,2376.6970309442613
27,Bulgaria,eat_lancet,549.6565651409298,2639.0453969017317,0.0,500.456269601765,0.0,2407.0
27,Bulgaria,high_income,744.4756993359983,3123.6908334672908,101.71412446162405,600.4589801956691,80.83446217447658,2577.1333993209887
28,Myanmar,baseline,639.2867786241544,3060.4529882628294,105.1875005324547,537.1965330106391,87.75635454004333,2650.217287949468
28,Myanmar,eat_lancet,580.7248427369493,2850.5382168613237,0.0,486.4167046153603,0.0,2503.0
28,Myanmar,high_income,744.5659493359984,3125.765833467291,101.71412446162405,600.5492301956691,80.83446217447658,2579.208399320989
29,Burundi,baseline,535.480210984106,1824.9279143402462,43.677608547872914,398.02667750564285,35.00491018488995,1425.3519305908428
29,Burundi,eat_lancet,604.3774947726569,2880.676921224274,0.0,488.2396710680081,0.0,2503.0
29,Burundi,high_income,739.2783581400399,3113.8996346398076,101.13921137563275,595.4642426955418,80.3397306372096,2567.7488042497007
32,Cameroon,baseline,807.1321083747553,3204.4328243361692,80.33169115077386,622.1496120582096,65.94189150717494,2645.592936135889
32,Cameroon,eat_lancet,604.2641358772115,2869.2179728984556,0.0,489.59652202704495,0.0,2503.0
32,Cameroon,high_income,744.5659493359984,3125.765833467291,101.71412446162405,600.5492301956691,80.83446217447658,2579.208399320989
33,Canada,baseline,877.1244230391393,3621.221437436287,115.92054370727709,684.7438313284117,89.11985178614346,2936.90727285219
33,Canada,eat_lancet,536.8495281116406,2607.977137577317,0.0,493.3164847897382,0.0,2407.0
33,Canada,high_income,877.1244230391393,3621.221437436287,115.92054370727709,684.7438313284117,89.11985178614346,2936.90727285219
35,Cabo Verde,baseline,485.023783533765,2430.4338297250356,68.99211930483271,414.64909021212037,60.59214625143294,2203.924093798413
35,Cabo Verde,eat_lancet,577.9060620154224,2746.064344076222,0.0,489.95810525514156,0.0,2503.0
35,Cabo Verde,high_income,744.2429994284371,3121.6938841423944,101.65496131362993,600.2997538570744,80.79405809934617,2575.767899484691
37,Central African Republic,baseline,506.23004987867347,1951.5850130075744,51.70920874020011,384.3879436599187,42.20767005550274,1583.9780950806633
37,Central African Republic,eat_lancet,604.6318981784261,2883.889145764278,0.0,488.58732064641435,0.0,2503.0
37,Central African Republic,high_income,744.5659493359984,3125.765833467291,101.71412446162405,600.5492301956691,80.83446217447658,2579.208399320989
38,Sri Lanka,baseline,548.5358289650775,2820.0389605848686,68.8359873622879,466.0709376341375,59.093979734452745,2478.2390187632045
38,Sri Lanka,eat_lancet,575.8653227719368,2788.3953939523767,0.0,491.87229576472953,0.0,2503.0
38,Sri Lanka,high_income,744.5659493359984,3125.765833467291,101.71412446162405,600.5492301956691,80.83446217447658,2579.208399320989
39,Chad,baseline,395.57005327519505,2561.287913514554,88.02915425467617,325.05272347198445,73.40600190344465,2156.3613645973765
39,Chad,eat_lancet,604.3406787253897,2909.115568930189,0.0,485.82165257096744,0.0,2503.0
39,Chad,high_income,744.5659493359984,3125.765833467291,101.71412446162405,600.5492301956691,80.83446217447658,2579.208399320989
40,Chile,baseline,656.9523063474986,3001.8040678304023,93.4413711831246,524.5409640542671,75.7728254581388,2512.8823837889663
40,Chile,eat_lancet,600.1486245069402,2724.2572433529635,0.0,496.3115238723531,0.0,2407.0
40,Chile,high_income,656.9523063474986,3001.8040678304023,93.4413711831246,524.5409640542671,75.7728254581388,2512.8823837889663
41,"China, mainland",baseline,1003.8174805639529,3380.928707322553,108.84258424455714,745.3100281207187,82.74041457247274,2554.697238475545
41,"China, mainland",eat_lancet,555.8117384110665,2761.7611416667905,0.0,492.66719800634394,0.0,2503.0
41,"China, mainland",high_income,744.5659493359984,3125.765833467291,101.71412446162405,600.5492301956691,80.83446217447658,2579.208399320989
44,Colombia,baseline,765.5251234239034,2992.645590243823,73.47883947826047,619.9023357437447,60.35417334718008,2591.245992819344
44,Colombia,eat_lancet,595.1635276816459,2794.2103641856493,0.0,492.6488913208423,0.0,2503.0
44,Colombia,high_income,744.5659493359984,3125.765833467291,101.71412446162405,600.5492301956691,80.83446217447658,2579.208399320989
45,Comoros,baseline,485.78482918311573,2369.818991096026,56.951860996263825,402.4092769072666,48.8111014377147,2089.2075912671835
45,Comoros,eat_lancet,588.1060860975168,2802.858960748294,0.0,488.1914303067184,0.0,2503.0
45,Comoros,high_income,740.5012532734967,3114.9916627258335,101.53359615717261,596.7904256521928,80.6878702348725,2569.767196796785
46,Congo,baseline,583.0163472027804,2183.5391061915325,48.33805103279105,455.0196283442571,40.216318920334096,1812.253959146675
46,Congo,eat_lancet,607.1861618891105,2804.9154209737585,0.0,503.7278010279758,0.0,2503.0
46,Congo,high_income,744.5659493359984,3125.765833467291,101.71412446162405,600.5492301956691,80.83446217447658,2579.208399320989
48,Costa Rica,baseline,873.5078317249698,3166.1082885190003,85.18895774550023,706.3468982683594,70.32860096566141,2742.541778591134
48,Costa Rica,eat_lancet,588.5896858174182,2765.313307985466,0.0,493.4083569821502,0.0,2503.0
48,Costa Rica,high_income,740.827245652891,3104.345751249403,101.44187906204856,597.1665774639614,80.58865133109934,2559.6874032586134
49,Cuba,baseline,929.9198955232109,3525.272352622798,86.84466907426288,749.8066927412916,71.48078434141965,2983.819684255451
49,Cuba,eat_lancet,595.7715705903289,2787.1419488487118,0.0,495.5646577509593,0.0,2503.0
49,Cuba,high_income,744.4756993359983,3123.6908334672908,101.71412446162405,600.4589801956691,80.83446217447658,2577.1333993209887
50,Cyprus,baseline,686.7125464330942,2937.3048516568697,94.47383007079705,551.3245472495043,72.926868929429,2342.84607018372
50,Cyprus,eat_lancet,547.0798015498314,2603.986037776464,0.0,502.0228764642909,0.0,2407.0
50,Cyprus,high_income,686.7125464330942,2937.3048516568697,94.47383007079705,551.3245472495043,72.926868929429,2342.84607018372
52,Azerbaijan,baseline,824.9390801940423,3225.0767969893905,100.75712712941521,629.7278248958737,73.20685776365791,2360.5160908208345
52,Azerbaijan,eat_lancet,560.0474322686375,2634.2081537838844,0.0,506.54269554579014,0.0,2407.0
52,Azerbaijan,high_income,744.265665173337,3123.197014025624,101.70524196368322,600.3057081640693,80.82801667674332,2576.77235780956
53,Benin,baseline,737.0483823594292,3153.0877450847875,73.34549734796424,579.5026699013151,61.39256255370138,2651.722106651791
53,Benin,eat_lancet,597.2677731490019,2834.853863736061,0.0,487.5905119879697,0.0,2503.0
53,Benin,high_income,744.4756993359983,3123.6908334672908,101.71412446162405,600.4589801956691,80.83446217447658,2577.1333993209887
54,Denmark,baseline,884.0651006879435,3251.7146992729754,119.99252842224058,704.7280544576491,94.7664957917001,2615.5554813680305
54,Denmark,eat_lancet,567.9375234146053,2629.7587157305124,0.0,518.869788001215,0.0,2407.0
54,Denmark,high_income,884.0651006879435,3251.7146992729754,119.99252842224058,704.7280544576491,94.7664957917001,2615.5554813680305
55,Dominica,baseline,1269.7883216783218,3362.02096476299,89.7761944356333,964.6854589836481,72.41066998057181,2740.388692117259
55,Dominica,eat_lancet,606.0506466544197,2793.6346466596688,0.0,503.16924732546016,0.0,2503.0
55,Dominica,high_income,737.4689557926569,3102.3338573851693,101.4000996026753,594.3404553819621,80.57276372251344,2559.9759902377123
56,Dominican Republic,baseline,875.420699375547,2950.45703725449,68.29612591964609,684.7986421001164,55.95205008663093,2515.2866281509655
56,Dominican Republic,eat_lancet,593.183778807377,2780.618631771731,0.0,493.0126749641369,0.0,2503.0
56,Dominican Republic,high_income,744.4756993359983,3123.6908334672908,101.71412446162405,600.4589801956691,80.83446217447658,2577.1333993209887
57,Belarus,baseline,906.9187969894977,3295.6726318880087,99.03958076559496,696.7351720609379,74.98393922531669,2592.87989090866
57,Belarus,eat_lancet,542.0786863837416,2638.917394631927,0.0,493.4804120030789,0.0,2407.0
57,Belarus,high_income,744.265665173337,3123.197014025624,101.70524196368322,600.3057081640693,80.82801667674332,2576.77235780956
58,Ecuador,baseline,586.9366468833969,2511.097338650987,65.00632541864874,489.62755670478253,52.769691477573396,2144.431636422092
58,Ecuador,eat_lancet,595.1767674265976,2806.117337617575,0.0,492.75193277248854,0.0,2503.0
58,Ecuador,high_income,744.5659493359984,3125.765833467291,101.71412446162405,600.5492301956691,80.83446217447658,2579.208399320989
59,Egypt,baseline,808.4770749059537,3676.911516380373,106.98954434409043,616.9881833267416,82.21054504570932,2883.2882820728905
59,Egypt,eat_lancet,609.0351734315732,2857.476997078349,0.0,495.38161328242654,0.0,2503.0
59,Egypt,high_income,744.4756993359983,3123.6908334672908,101.71412446162405,600.4589801956691,80.83446217447658,2577.1333993209887
60,El Salvador,baseline,573.8494074710176,2664.5390500179924,78.63452327138592,468.3208276677099,64.11789638497062,2230.3490206893625
60,El Salvador,eat_lancet,571.0924986574036,2699.2226198075205,0.0,486.46199549433493,0.0,2407.0
60,El Salvador,high_income,740.4556836117381,3118.1491629416946,101.5690698661988,596.4389644714088,80.68940757905132,2571.5917287953926
63,Estonia,baseline,809.7452743614001,2829.640892356524,104.58187477640737,665.0602618514907,84.1569140818976,2294.7346415321813
63,Estonia,eat_lancet,538.850827186166,2623.9492061376263,0.0,494.95467700161925,0.0,2407.0
63,Estonia,high_income,809.7452743614001,2829.640892356524,104.58187477640737,665.0602618514907,84.1569140818976,2294.7346415321813
66,Fiji,baseline,765.1542986939239,2809.4133632069925,74.52603843314797,618.4917028770191,56.28897692537208,2212.626278602608
66,Fiji,eat_lancet,544.185181303728,2659.9511468357227,0.0,502.35439373359156,0.0,2503.0
66,Fiji,high_income,744.4756993359983,3123.6908334672908,101.71412446162405,600.4589801956691,80.83446217447658,2577.1333993209887
67,Finland,baseline,910.7631163886874,3268.1859969483976,121.32476689358171,743.8351372465245,95.13655267817235,2582.145284086126
67,Finland,eat_lancet,542.4002665178132,2630.964697417898,0.0,496.28597152856327,0.0,2407.0
67,Finland,high_income,910.7631163886874,3268.1859969483976,121.32476689358171,743.8351372465245,95.13655267817235,2582.145284086126
68,France,baseline,856.685931796603,3480.0854351658118,112.49318998565683,688.0317846281458,87.33725715044253,2816.5550527873406
68,France,eat_lancet,552.2080730107679,2726.2153340252976,0.0,505.0717123786221,0.0,2503.0
68,France,high_income,856.685931796603,3480.0854351658118,112.49318998565683,688.0317846281458,87.33725715044253,2816.5550527873406
70,French Polynesia,baseline,588.7808664259928,2780.9967878549987,91.85191483688263,467.7027954989278,71.2846630510237,2221.0146089097834
70,French Polynesia,eat_lancet,542.0402603832963,2567.9465687257875,0.0,501.2801279010961,0.0,2407.0
70,French Polynesia,high_income,588.7808664259928,2780.9967878549987,91.85191483688263,467.7027954989278,71.2846630510237,2221.0146089097834
72,Djibouti,baseline,428.80045104221404,2709.098367073511,66.9931101552315,375.5444922744008,59.67601390097923,2518.4324815004356
72,Djibouti,eat_lancet,580.1244412137873,2728.575595275306,0.0,499.31939691723636,0.0,2503.0
72,Djibouti,high_income,740.0886647361767,3113.8532207529865,101.48300665141588,596.1006692643731,80.6122700992879,2567.5262223429504
73,Georgia,baseline,585.586503994009,2675.554421223201,76.49154776932559,457.6828052982756,56.87941943001678,2063.3069000133964
73,Georgia,eat_lancet,553.58327113699,2614.316221776363,0.0,505.375496671464,0.0,2407.0
73,Georgia,high_income,744.265665173337,3123.197014025624,101.70524196368322,600.3057081640693,80.82801667674332,2576.77235780956
74,Gabon,baseline,706.4948057381948,2776.335153270317,75.53186036575855,557.5356454068734,63.82314972005969,2327.3687318732045
74,Gabon,eat_lancet,601.850407069686,2811.6374843722933,0.0,501.0148293417209,0.0,2503.0
74,Gabon,high_income,740.365433611738,3116.074162941695,101.5690698661988,596.3487144714088,80.68940757905132,2569.5167287953923
75,Gambia,baseline,335.7602916805695,2584.4058651109954,66.07357736942224,296.1903262149073,57.080835971778576,2359.9246148833913
75,Gambia,eat_lancet,579.9296676455979,2811.2493120883437,0.0,486.0648051745313,0.0,2503.0
75,Gambia,high_income,732.0283745126601,3111.2058504689353,101.37050530862571,590.4506360033786,80.57353095004439,2567.1227398130345
79,Germany,baseline,762.3574633401006,3351.9159633554364,106.37684649786554,614.9116249774213,84.02766984480448,2766.8012271935545
79,Germany,eat_lancet,540.3030687065033,2622.0970108543306,0.0,495.9765519834427,0.0,2407.0
79,Germany,high_income,762.3574633401006,3351.9159633554364,106.37684649786554,614.9116249774213,84.02766984480448,2766.8012271935545
80,Bosnia and Herzegovina,baseline,986.1831940806704,3274.017858223685,103.84736794021245,762.4214130533657,78.3139880276363,2465.203338632673
80,Bosnia and Herzegovina,eat_lancet,546.4584584463157,2723.403185275268,0.0,497.55610699966064,0.0,2503.0
80,Bosnia and Herzegovina,high_income,741.6799065729032,3120.693808395011,101.69523614231477,597.7199495636355,80.81801085537485,2574.2691521789475
81,Ghana,baseline,1148.8951183482188,3915.3911491147437,70.34249015994165,860.1354947046188,56.47237631875009,3075.482261282855
81,Ghana,eat_lancet,595.8672223879137,2836.595546484321,0.0,490.8905921158862,0.0,2503.0
81,Ghana,high_income,744.4756993359983,3123.6908334672908,101.71412446162405,600.4589801956691,80.83446217447658,2577.1333993209887
83,Kiribati,baseline,672.3283568329717,3612.0007316657966,76.07066111511139,553.5201217911222,58.93830381256409,3038.9023869376792
83,Kiribati,eat_lancet,535.0918661946301,2641.980362875693,0.0,493.59576080172667,0.0,2503.0
83,Kiribati,high_income,735.8317872359282,3066.3999381716635,100.80583416275357,593.4934754162856,80.22252613606705,2531.3481650428466
84,Greece,baseline,1009.3953019274995,3492.8525834059437,111.57517788516822,808.4429829380542,87.6956101953735,2875.5967333870904
84,Greece,eat_lancet,561.3118526569845,2622.1075776066223,0.0,510.19895091811355,0.0,2407.0
84,Greece,high_income,1009.3953019274995,3492.8525834059437,111.57517788516822,808.4429829380542,87.6956101953735,2875.5967333870904
86,Grenada,baseline,594.223536036036,2360.378969625161,70.44488973624496,469.4675971243109,58.31948210090683,2016.266927807864
86,Grenada,eat_lancet,606.0979819817446,2785.113801986932,0.0,509.0251124645709,0.0,2503.0
86,Grenada,high_income,741.3049810546651,3103.6275686567237,101.53787148537756,598.1849909593906,80.71266161993962,2561.340716919143
89,Guatemala,baseline,546.4448465101643,2715.5028771275033,74.6002290293087,434.4733808792628,60.37132181865522,2280.5101556216437
89,Guatemala,eat_lancet,597.8690470812011,2829.4768559292984,0.0,493.2516299656735,0.0,2503.0
89,Guatemala,high_income,744.5659493359984,3125.765833467291,101.71412446162405,600.5492301956691,80.83446217447658,2579.208399320989
90,Guinea,baseline,694.2482851442102,3280.891375440752,68.64910864339093,563.2250724482461,57.969446750665014,2844.4335481459716
90,Guinea,eat_lancet,596.9164198127871,2837.7887246503765,0.0,487.2305248280346,0.0,2503.0
90,Guinea,high_income,744.5659493359984,3125.765833467291,101.71412446162405,600.5492301956691,80.83446217447658,2579.208399320989
91,Guyana,baseline,1106.9507335907335,3306.178637946312,90.71652709716639,890.2416064729476,73.84481131726581,2773.6486445326414
91,Guyana,eat_lancet,591.2360539831852,2776.121947126371,0.0,492.3219152573961,0.0,2503.0
91,Guyana,high_income,744.4756993359983,3123.6908334672908,101.71412446162405,600.4589801956691,80.83446217447658,2577.1333993209887
93,Haiti,baseline,452.5987622149837,2128.368955825242,50.16749010372563,357.1497565850289,40.96290397821746,1788.2021008156394
93,Haiti,eat_lancet,590.3653781581226,2786.274669547302,0.0,492.2130271902883,0.0,2503.0
93,Haiti,high_income,744.5659493359984,3125.765833467291,101.71412446162405,600.5492301956691,80.83446217447658,2579.208399320989
95,Honduras,baseline,448.38810774570123,2665.124515767621,63.031070315090716,369.55509469543557,51.05092305800567,2302.091394778725
95,Honduras,eat_lancet,589.4759988727883,2807.6622218753237,0.0,490.71107674748686,0.0,2503.0
95,Honduras,high_income,740.379433611738,3116.2741629416946,101.5690698661988,596.3627144714088,80.68940757905132,2569.7167287953926
96,"China, Hong Kong SAR",baseline,698.0788749233599,3058.8376825096257,128.1486656770079,572.8015911229228,105.56332157809342,2564.9572210746946
96,"China, Hong Kong SAR",eat_lancet,530.1516669303933,2548.305627173843,0.0,495.7894664784548,0.0,2407.0
96,"China, Hong Kong SAR",high_income,698.0788749233599,3058.8376825096257,128.1486656770079,572.8015911229228,105.56332157809342,2564.9572210746946
97,Hungary,baseline,690.3476688102894,3003.799652760596,92.55120107122113,552.1020045306941,71.40725684742776,2435.749552349794
97,Hungary,eat_lancet,555.3139995843139,2636.7695074174385,0.0,504.12494271105066,0.0,2407.0
97,Hungary,high_income,690.3476688102894,3003.799652760596,92.55120107122113,552.1020045306941,71.40725684742776,2435.749552349794
98,Croatia,baseline,987.93724067634,2968.756105062575,94.07411713548306,789.9763907640456,73.42772190320744,2388.898139554365
98,Croatia,eat_lancet,557.4720188274848,2625.8293886703573,0.0,507.64245855921376,0.0,2407.0
98,Croatia,high_income,987.93724067634,2968.756105062575,94.07411713548306,789.9763907640456,73.42772190320744,2388.898139554365
99,Iceland,baseline,791.5179694485842,3325.0839849720514,137.04650339871102,657.6393840049907,110.55718906956727,2760.335360246464
99,Iceland,eat_lancet,550.8668431210348,2592.405929328345,0.0,510.22973193535574,0.0,2407.0
99,Iceland,high_income,791.5179694485842,3325.0839849720514,137.04650339871102,657.6393840049907,110.55718906956727,2760.335360246464
100,India,baseline,568.0708077526627,2645.8824031825598,67.82383338805278,466.0085111072157,55.98201346928863,2279.6876902526774
100,India,eat_lancet,586.1604693602654,2858.43671340397,0.0,489.56152007077026,0.0,2503.0
100,India,high_income,744.5659493359984,3125.765833467291,101.71412446162405,600.5492301956691,80.83446217447658,2579.208399320989
101,Indonesia,baseline,615.8176334518236,3059.920841651383,70.88487863413782,512.2773297570502,60.079099237446876,2683.530718275074
101,Indonesia,eat_lancet,579.379587312846,2807.6772028285636,0.0,489.35496604809356,0.0,2503.0
101,Indonesia,high_income,744.5659493359984,3125.765833467291,101.71412446162405,600.5492301956691,80.83446217447658,2579.208399320989
102,Iran (Islamic Republic of),baseline,743.0445248529013,3214.27435303785,89.72805756838879,602.6233299579914,74.38142314456918,2758.0448764418693
102,Iran (Islamic Republic of),eat_lancet,600.1564091465542,2868.599669897447,0.0,500.9036687741046,0.0,2503.0
102,Iran (Islamic Republic of),high_income,744.5519493359984,3125.5658334672908,101.71412446162405,600.5352301956691,80.83446217447658,2579.0083993209887
103,Iraq,baseline,511.9084005019418,2685.4566986648565,67.72440058702641,401.3225243043795,52.62133607809665,2186.968973646988
103,Iraq,eat_lancet,583.4984779631535,2788.3845542946074,0.0,495.63972526067465,0.0,2503.0
103,Iraq,high_income,744.3559151733369,3125.272014025624,101.70524196368322,600.3959581640693,80.82801667674332,2578.8473578095604
104,Ireland,baseline,866.0861357702349,3533.7614940422727,114.0905343007334,712.6544748102839,89.7757445701509,2877.1848210343455
104,Ireland,eat_lancet,548.0526668821758,2606.9665766475014,0.0,505.41195465546474,0.0,2407.0
104,Ireland,high_income,866.0861357702349,3533.7614940422727,114.0905343007334,712.6544748102839,89.7757445701509,2877.1848210343455
105,Israel,baseline,866.0413556263908,3564.500748579292,128.85249914560245,685.3868008553294,104.2155616390036,3020.2966299709497
105,Israel,eat_lancet,609.0554526649291,2806.2821253000648,0.0,503.5758205134254,0.0,2503.0
105,Israel,high_income,866.0413556263908,3564.500748579292,128.85249914560245,685.3868008553294,104.2155616390036,3020.2966299709497
106,Italy,baseline,856.2180253923485,3317.6383151117143,103.25445378520912,682.4168718954676,79.82151651873625,2712.370147871046
106,Italy,eat_lancet,563.5319304303206,2707.401787205472,0.0,514.6034173900883,0.0,2503.0
106,Italy,high_income,856.2180253923485,3317.6383151117143,103.25445378520912,682.4168718954676,79.82151651873625,2712.370147871046
107,Côte d'Ivoire,baseline,739.4316553924439,3053.2782838428852,60.24232173900057,580.60338847474,50.50545972861403,2560.2248493162897
107,Côte d'Ivoire,eat_lancet,592.3925233596628,2819.5034958440083,0.0,487.5092740595914,0.0,2503.0
107,Côte d'Ivoire,high_income,744.5659493359984,3125.765833467291,101.71412446162405,600.5492301956691,80.83446217447658,2579.208399320989
108,Kazakhstan,baseline,1010.1992402654502,3405.933587150884,108.28288379640833,787.9587820536664,85.38553255922517,2795.794934017367
108,Kazakhstan,eat_lancet,610.9084962361011,2791.9298332924454,0.0,498.76082303901734,0.0,2407.0
108,Kazakhstan,high_income,744.4756993359983,3123.6908334672908,101.71412446162405,600.4589801956691,80.83446217447658,2577.1333993209887
109,Jamaica,baseline,708.8994000853971,2718.4527562190387,74.69192066500035,571.2474165386672,60.967294353154394,2334.084037080802
109,Jamaica,eat_lancet,597.4134958669696,2781.3444084900098,0.0,497.06282237191414,0.0,2503.0
109,Jamaica,high_income,744.4756993359983,3123.6908334672908,101.71412446162405,600.4589801956691,80.83446217447658,2577.1333993209887
110,Japan,baseline,533.1802661546194,2590.940014748043,87.14797138354331,423.6266921092776,70.6350260370579,2127.7425452560365
110,Japan,eat_lancet,544.4796506400367,2708.2720871088186,0.0,492.29308900208787,0.0,2503.0
110,Japan,high_income,533.1802661546194,2590.940014748043,87.14797138354331,423.6266921092776,70.6350260370579,2127.7425452560365
112,Jordan,baseline,520.7657708655822,2745.7070173880575,71.50185928192677,412.0500904635459,57.12619578014949,2343.3660901512694
112,Jordan,eat_lancet,597.9184887724426,2790.884486298521,0.0,496.8254907707847,0.0,2503.0
112,Jordan,high_income,738.1171923967285,3094.816073032916,100.9766868345158,595.4729890580604,80.3594424429819,2558.431331686845
113,Kyrgyzstan,baseline,804.0189921549791,2681.4017316212826,86.50325679591401,622.5750664630103,67.01907822032103,2114.8115908782656
113,Kyrgyzstan,eat_lancet,614.0200473935469,2784.4656880754983,0.0,499.17044211775755,0.0,2407.0
113,Kyrgyzstan,high_income,744.4756993359983,3123.6908334672908,101.71412446162405,600.4589801956691,80.83446217447658,2577.1333993209887
114,Kenya,baseline,501.2169243259201,2232.37329971402,64.31912259649576,408.69093420785197,54.12307981381477,1925.3531515231368
114,Kenya,eat_lancet,605.8027908562082,2854.6338041167446,0.0,492.45947724364635,0.0,2503.0
114,Kenya,high_income,744.5659493359984,3125.765833467291,101.71412446162405,600.5492301956691,80.83446217447658,2579.208399320989
115,Cambodia,baseline,643.4833085317459,2976.257762746588,72.96692191070056,528.2245689798984,60.95622410979717,2572.503729162686
115,Cambodia,eat_lancet,576.2185341802943,2842.818744170064,0.0,485.44510933169346,0.0,2503.0
115,Cambodia,high_income,744.5659493359984,3125.765833467291,101.71412446162405,600.5492301956691,80.83446217447658,2579.208399320989
116,Democratic People's Republic of Korea,baseline,492.1633920853195,2118.715200760886,55.844440770111405,396.62164551645617,46.32579282239879,1812.5845149745576
116,Democratic People's Republic of Korea,eat_lancet,583.6623738865331,2861.797452193671,0.0,488.075069679128,0.0,2503.0
116,Democratic People's Republic of Korea,high_income,744.3559151733369,3125.272014025624,101.70524196368322,600.3959581640693,80.82801667674332,2578.8473578095604
117,Republic of Korea,baseline,715.3979165281012,3262.8946725061605,96.41562439017228,558.838109766975,76.62388551884534,2708.0786822795335
117,Republic of Korea,eat_lancet,545.349713003546,2709.7232204415186,0.0,491.66785924711627,0.0,2503.0
117,Republic of Korea,high_income,715.3979165281012,3262.8946725061605,96.41562439017228,558.838109766975,76.62388551884534,2708.0786822795335
118,Kuwait,baseline,674.8450415724155,3447.6098855819946,98.74406569755075,540.9708760559602,80.52110493904974,2933.0570305888323
118,Kuwait,eat_lancet,579.2534203420944,2749.7993796432306,0.0,496.93394364028893,0.0,2503.0
118,Kuwait,high_income,674.8450415724155,3447.6098855819946,98.74406569755075,540.9708760559602,80.52110493904974,2933.0570305888323
119,Latvia,baseline,796.697087628866,3008.5573266080582,101.24659219537011,637.2242312591202,79.54826255150171,2424.716809762473
119,Latvia,eat_lancet,535.5226456856482,2607.9059283955085,0.0,493.7259838196198,0.0,2407.0
119,Latvia,high_income,796.697087628866,3008.5573266080582,101.24659219537011,637.2242312591202,79.54826255150171,2424.716809762473
120,Lao People's Democratic Republic,baseline,932.1226504340586,2994.089065056308,79.1438016270697,759.1246057538156,66.26586067184024,2549.5864552694125
120,Lao People's Democratic Republic,eat_lancet,573.1865649821913,2834.3684883007923,0.0,485.4006433796812,0.0,2503.0
120,Lao People's Democratic Republic,high_income,744.5659493359984,3125.765833467291,101.71412446162405,600.5492301956691,80.83446217447658,2579.208399320989
121,Lebanon,baseline,624.0517439812096,2888.1051653406025,71.01285897259696,491.253773199482,56.43815670366824,2437.576191278914
121,Lebanon,eat_lancet,606.4260599985473,2722.21291196351,0.0,499.6791585305258,0.0,2407.0
121,Lebanon,high_income,744.4756993359983,3123.6908334672908,101.71412446162405,600.4589801956691,80.83446217447658,2577.1333993209887
122,Lesotho,baseline,388.4775,2161.7131860823656,62.149409625935924,327.61694365007327,53.787102038342475,1914.9085195065609
122,Lesotho,eat_lancet,583.5699543239069,2785.3931626413882,0.0,488.3841871054769,0.0,2503.0
122,Lesotho,high_income,740.8132456528909,3104.1457512494026,101.44187906204856,597.1525774639614,80.58865133109934,2559.4874032586135
123,Liberia,baseline,423.2544720836615,2222.4953963893413,42.28686916898299,348.3689409841849,37.12984120231824,1976.5799766773287
123,Liberia,eat_lancet,591.5096168128409,2802.486261130002,0.0,487.67213549962383,0.0,2503.0
123,Liberia,high_income,744.4756993359983,3123.6908334672908,101.71412446162405,600.4589801956691,80.83446217447658,2577.1333993209887
124,Libya,baseline,723.263790663048,3315.6951119973137,87.06993184073295,563.4549135458819,68.96254049658154,2748.048901887374
124,Libya,eat_lancet,600.6772483789836,2719.7762577675085,0.0,499.7302967508663,0.0,2407.0
124,Libya,high_income,740.365433611738,3116.074162941695,101.5690698661988,596.3487144714088,80.68940757905132,2569.5167287953923
126,Lithuania,baseline,826.9245609065156,3648.016356865928,144.71412595039823,664.130615420798,115.09648437790304,2896.0743812200053
126,Lithuania,eat_lancet,543.0555615052789,2629.6568213956034,0.0,498.4845442552914,0.0,2407.0
126,Lithuania,high_income,826.9245609065156,3648.016356865928,144.71412595039823,664.130615420798,115.09648437790304,2896.0743812200053
128,"China, Macao SAR",baseline,644.4236722488039,2920.338399314614,97.61891692614194,540.9112273349393,79.76035159799824,2477.387199335448
128,"China, Macao SAR",eat_lancet,532.2302135126417,2642.128463144052,0.0,498.2952707403743,0.0,2503.0
128,"China, Macao SAR",high_income,644.4236722488039,2920.338399314614,97.61891692614194,540.9112273349393,79.76035159799824,2477.387199335448
129,Madagascar,baseline,456.17170845548526,2044.348575309748,45.76556326555552,372.5705796883467,39.52817415899325,1769.4874212020295
129,Madagascar,eat_lancet,598.4809536812083,2841.178897503956,0.0,487.3544092279299,0.0,2503.0
129,Madagascar,high_income,744.5659493359984,3125.765833467291,101.71412446162405,600.5492301956691,80.83446217447658,2579.208399320989
130,Malawi,baseline,783.937579137996,3040.5286278992426,82.4463665967631,600.2040207932884,67.51884576139751,2489.775306193724
130,Malawi,eat_lancet,605.7068667925686,2910.2818122607823,0.0,486.62163268802965,0.0,2503.0
130,Malawi,high_income,744.5659493359984,3125.765833467291,101.71412446162405,600.5492301956691,80.83446217447658,2579.208399320989
131,Malaysia,baseline,539.5241308235144,2985.7543031805867,77.02284429788338,468.7634785470853,66.16115333262502,2742.1331356107635
131,Malaysia,eat_lancet,557.140252531997,2718.407223554686,0.0,492.6004021088542,0.0,2503.0
131,Malaysia,high_income,744.4756993359983,3123.6908334672908,101.71412446162405,600.4589801956691,80.83446217447658,2577.1333993209887
132,Maldives,baseline,484.8375,2171.75,81.6225,415.21985363081984,68.99863193442788,1946.0484319865532
132,Maldives,eat_lancet,556.2341731972379,2617.8840720023672,0.0,498.23579802908836,0.0,2407.0
132,Maldives,high_income,744.4756993359983,3123.6908334672908,101.71412446162405,600.4589801956691,80.83446217447658,2577.1333993209887
133,Mali,baseline,687.721685380187,3428.869352155891,94.74088089621367,552.8782215947434,79.17464467545233,2917.9402874667476
133,Mali,eat_lancet,602.6979952957663,2888.8364007280134,0.0,486.9037698184513,0.0,2503.0
133,Mali,high_income,744.4756993359983,3123.6908334672908,101.71412446162405,600.4589801956691,80.83446217447658,2577.1333993209887
134,Malta,baseline,807.0277367370222,3137.1708349960513,110.78468839753268,647.602643408882,87.17995695383257,2551.3398267012917
134,Malta,eat_lancet,556.2096703067137,2597.365677683499,0.0,511.70286610648236,0.0,2407.0
134,Malta,high_income,807.0277367370222,3137.1708349960513,110.78468839753268,647.602643408882,87.17995695383257,2551.3398267012917
136,Mauritania,baseline,468.1704604051565,2917.117378380923,82.86220241175563,408.3542464343949,71.64537622860543,2639.9469222560833
136,Mauritania,eat_lancet,586.2154684065245,2806.555483114088,0.0,497.29012960935864,0.0,2503.0
136,Mauritania,high_income,741.7823935657533,3118.517816515923,101.70411864025559,597.765674425424,80.82445635310812,2571.960382369621
137,Mauritius,baseline,644.5540514517085,3071.2407265017932,85.15051099333769,581.6945937824859,75.28140606852298,2852.746237021665
137,Mauritius,eat_lancet,580.9645692485933,2727.0641735397644,0.0,499.1332940567815,0.0,2503.0
137,Mauritius,high_income,739.304760855025,3113.845040477584,101.54217396067504,595.5399878118702,80.66907421597536,2567.8204518440334
138,Mexico,baseline,726.9665743648344,3464.5883297832315,102.92263885581912,579.1493467386047,83.3641172512741,2898.315893421955
138,Mexico,eat_lancet,596.161245636738,2831.699262368741,0.0,490.7206186439921,0.0,2503.0
138,Mexico,high_income,744.3559151733369,3125.272014025624,101.70524196368322,600.3959581640693,80.82801667674332,2578.8473578095604
141,Mongolia,baseline,627.9046547950657,2621.5187778300096,95.92870582098456,513.3175983086672,77.09303785153055,2136.696814728455
141,Mongolia,eat_lancet,605.9637324052343,2855.8512441974394,0.0,505.5171334685505,0.0,2503.0
141,Mongolia,high_income,741.6799065729032,3120.693808395011,101.69523614231477,597.7199495636355,80.81801085537485,2574.2691521789475
143,Morocco,baseline,722.08045751634,3593.2398499611936,105.02980143391395,548.645705580614,80.45857414038599,2860.128850467227
143,Morocco,eat_lancet,612.8109876933742,2786.046466606174,0.0,496.077407880302,0.0,2407.0
143,Morocco,high_income,744.5519493359984,3125.5658334672908,101.71412446162405,600.5352301956691,80.83446217447658,2579.0083993209887
144,Mozambique,baseline,419.5639118840306,2077.0362351139443,46.61649345391303,337.20926583257966,39.13057429851284,1778.4747314729439
144,Mozambique,eat_lancet,602.7112325264138,2857.065032276901,0.0,490.47551008316987,0.0,2503.0
144,Mozambique,high_income,744.5659493359984,3125.765833467291,101.71412446162405,600.5492301956691,80.83446217447658,2579.208399320989
146,Republic of Moldova,baseline,631.0326151285371,2611.0935640889734,73.13314145325118,487.3456711646968,54.10139333163069,1987.6535523285893
146,Republic of Moldova,eat_lancet,558.9805385873751,2742.2147668878983,0.0,505.3350845439619,0.0,2503.0
146,Republic of Moldova,high_income,744.1581180035257,3120.527202704869,101.70524196368322,600.1981609942579,80.82801667674332,2574.1025464888057
147,Namibia,baseline,514.9212304204452,2391.6233625029226,64.76377084316749,423.59440987481236,54.943255430532915,2084.051559625049
147,Namibia,eat_lancet,591.3758062076713,2800.656768111642,0.0,495.81895154468356,0.0,2503.0
147,Namibia,high_income,740.8132456528909,3104.1457512494026,101.44187906204856,597.1525774639614,80.58865133109934,2559.4874032586135
149,Nepal,baseline,747.6837423947815,3084.206879021669,80.35737064693106,614.2372696161733,66.8693553747962,2651.7375009345287
149,Nepal,eat_lancet,581.5505101819161,2828.423612137819,0.0,489.3895516657807,0.0,2503.0
149,Nepal,high_income,744.5659493359984,3125.765833467291,101.71412446162405,600.5492301956691,80.83446217447658,2579.208399320989
150,Netherlands,baseline,874.6674933244326,3141.6013578525885,103.81985503357726,728.8870519126244,83.98734902216333,2620.835372756153
150,Netherlands,eat_lancet,536.6775116971149,2686.538392758705,0.0,499.606438769992,0.0,2503.0
150,Netherlands,high_income,874.6674933244326,3141.6013578525885,103.81985503357726,728.8870519126244,83.98734902216333,2620.835372756153
153,New Caledonia,baseline,502.3548249551167,2663.8130801639345,83.8589293534452,392.3452700976067,63.85618986762686,2119.0073535476467
153,New Caledonia,eat_lancet,555.1804893985208,2681.416492563622,0.0,511.4603667093632,0.0,2503.0
153,New Caledonia,high_income,502.3548249551167,2663.8130801639345,83.8589293534452,392.3452700976067,63.85618986762686,2119.0073535476467
154,North Macedonia,baseline,905.2757683995678,3054.0811564284886,87.04687713301189,705.1120069010277,67.3381469907474,2462.1078752441517
154,North Macedonia,eat_lancet,560.4561596412037,2628.852826328952,0.0,508.0065030849603,0.0,2407.0
154,North Macedonia,high_income,744.4756993359983,3123.6908334672908,101.71412446162405,600.4589801956691,80.83446217447658,2577.1333993209887
155,Vanuatu,baseline,768.8852225583405,2922.351488741332,67.98581125845618,601.2450538128758,51.89602546440134,2295.6039671995063
155,Vanuatu,eat_lancet,540.0372630078416,2655.1496571489956,0.0,496.7759693089934,0.0,2503.0
155,Vanuatu,high_income,737.5329899052467,3111.6431756052634,101.54989852802157,593.5730328959789,80.67267324108167,2565.2185193892
156,New Zealand,baseline,797.9958875152221,3154.1260686182077,100.33127417821086,620.2781404107335,76.42228031778566,2521.419511898011
156,New Zealand,eat_lancet,545.6754320760516,2606.0605011900157,0.0,498.09403655010016,0.0,2407.0
156,New Zealand,high_income,797.9958875152221,3154.1260686182077,100.33127417821086,620.2781404107335,76.42228031778566,2521.419511898011
157,Nicaragua,baseline,564.6443603361737,2843.9385094530103,71.28622618286327,471.2508419144584,57.900847718312185,2408.3202836508062
157,Nicaragua,eat_lancet,590.2512640632895,2809.874504970773,0.0,489.5831292341901,0.0,2503.0
157,Nicaragua,high_income,744.4896993359984,3123.890833467291,101.71412446162405,600.4729801956692,80.83446217447658,2577.333399320989
158,Niger,baseline,572.5866916728119,3127.775132581134,105.55651257783812,460.83385514508393,87.19616907338332,2621.7768248963007
158,Niger,eat_lancet,602.3006846678811,2896.377227830575,0.0,485.4962559356444,0.0,2503.0
158,Niger,high_income,744.5659493359984,3125.765833467291,101.71412446162405,600.5492301956691,80.83446217447658,2579.208399320989
159,Nigeria,baseline,682.7067983072931,2799.338313322793,65.01546089265861,524.2776962157121,53.29880997840774,2316.865537772749
159,Nigeria,eat_lancet,607.6141392099328,2882.779008651348,0.0,491.4337832250307,0.0,2503.0
159,Nigeria,high_income,744.5659493359984,3125.765833467291,101.71412446162405,600.5492301956691,80.83446217447658,2579.208399320989
162,Norway,baseline,722.9722911963883,3121.2057344126288,111.6563637936238,578.7405740145779,88.00004597637403,2496.5227385329595
162,Norway,eat_lancet,541.7625414642176,2615.496086722591,0.0,497.52027732640977,0.0,2407.0
162,Norway,high_income,722.9722911963883,3121.2057344126288,111.6563637936238,578.7405740145779,88.00004597637403,2496.5227385329595
165,Pakistan,baseline,483.25592139397617,2642.4964567023244,74.55820143716753,402.95528058473855,61.673516042373976,2273.4842030170757
165,Pakistan,eat_lancet,592.0819474119427,2849.924598139403,0.0,495.61487382798947,0.0,2503.0
165,Pakistan,high_income,744.5659493359984,3125.765833467291,101.71412446162405,600.5492301956691,80.83446217447658,2579.208399320989
166,Panama,baseline,553.4687950443653,2682.2057022080685,82.44747513340972,458.1478490455928,68.51388972348295,2295.704808993922
166,Panama,eat_lancet,576.7331920074382,2755.654547296055,0.0,489.6384474895127,0.0,2503.0
166,Panama,high_income,744.5659493359984,3125.765833467291,101.71412446162405,600.5492301956691,80.83446217447658,2579.208399320989
167,Czechia,baseline,667.7470007626423,2877.6923510036904,85.95263950506259,542.8075270542505,67.94068587837694,2392.882924229414
167,Czechia,eat_lancet,550.3749811574734,2623.1055834513477,0.0,505.7446556819165,0.0,2407.0
167,Czechia,high_income,667.7470007626423,2877.6923510036904,85.95263950506259,542.8075270542505,67.94068587837694,2392.882924229414
168,Papua New Guinea,baseline,756.2751472486214,2205.4019689140064,41.83139685826611,548.8850670204857,30.318191581358025,1645.5041122553373
168,Papua New Guinea,eat_lancet,536.5755623209109,2666.2510837444793,0.0,492.5649824539075,0.0,2503.0
168,Papua New Guinea,high_income,735.8758308415116,3086.586124557156,100.83250715081691,593.3700493378949,80.21695130131566,2550.4686728633596
169,Paraguay,baseline,814.0104790928162,3108.642575030987,75.87183419801286,650.5449722487675,60.738852905506754,2562.488885163333
169,Paraguay,eat_lancet,600.4497464809019,2854.8303786757892,0.0,493.9361491945526,0.0,2503.0
169,Paraguay,high_income,736.7264694355633,3088.3214275795995,100.85052055839984,594.0255039658336,80.23083916665837,2551.80390830329
170,Peru,baseline,789.8977104730076,3006.4687947907246,99.04340371957919,617.8404758105835,80.7558706928007,2470.647454602322
170,Peru,eat_lancet,601.0278260379685,2792.595048779247,0.0,496.9261877379128,0.0,2503.0
170,Peru,high_income,744.3559151733369,3125.272014025624,101.70524196368322,600.3959581640693,80.82801667674332,2578.8473578095604
171,Philippines,baseline,564.176787484803,2616.2189016726697,63.30417415793472,473.7841211136328,54.00761045420796,2308.792452101602
171,Philippines,eat_lancet,571.8301542922325,2790.8995701808904,0.0,489.2965021461807,0.0,2503.0
171,Philippines,high_income,744.5659493359984,3125.765833467291,101.71412446162405,600.5492301956691,80.83446217447658,2579.208399320989
173,Poland,baseline,851.7858010438083,3447.332713059936,111.19942623458134,662.8123648428067,84.04619167279117,2705.1256160560056
173,Poland,eat_lancet,540.7763707327438,2640.08559455103,0.0,491.4223942527564,0.0,2407.0
173,Poland,high_income,851.7858010438083,3447.332713059936,111.19942623458134,662.8123648428067,84.04619167279117,2705.1256160560056
174,Portugal,baseline,888.761230503443,3092.596153689979,114.45790919006123,705.4702948273755,90.28896296844985,2510.3684058798494
174,Portugal,eat_lancet,541.9550695608077,2591.1684086151126,0.0,499.06730215775764,0.0,2407.0
174,Portugal,high_income,888.761230503443,3092.596153689979,114.45790919006123,705.4702948273755,90.28896296844985,2510.3684058798494
175,Guinea-Bissau,baseline,413.53729011928874,2414.500344111207,49.751944033169494,343.9028029420557,43.13865762353716,2139.2322136488397
175,Guinea-Bissau,eat_lancet,593.7199843891517,2819.2497124573606,0.0,486.65146440891533,0.0,2503.0
175,Guinea-Bissau,high_income,740.2962354985305,3114.3147289794306,101.5690698661988,596.2795163582012,80.68940757905132,2567.757294833128
176,Timor-Leste,baseline,383.2573141880682,2255.22835800323,50.673297061312155,326.8471499835692,43.08443919400021,1990.348481577276
176,Timor-Leste,eat_lancet,576.0064058587444,2833.279071876589,0.0,487.3997413155241,0.0,2503.0
176,Timor-Leste,high_income,743.3923608343854,3119.958581119951,101.63694790604701,599.6442992291356,80.78017023400346,2574.4326640447603
181,Zimbabwe,baseline,290.4288652333874,1841.2347105400193,42.53060604621561,247.82990672714195,36.209520480957046,1641.6924918826946
181,Zimbabwe,eat_lancet,605.3847074063203,2875.2690679709726,0.0,490.716681876766,0.0,2503.0
181,Zimbabwe,high_income,744.3559151733369,3125.272014025624,101.70524196368322,600.3959581640693,80.82801667674332,2578.8473578095604
183,Romania,baseline,961.1044205257849,3324.433527621851,109.21453852810706,751.5021911570846,83.80052357281812,2605.507058265711
183,Romania,eat_lancet,557.0051021401384,2729.429609778159,0.0,505.9498591916792,0.0,2503.0
183,Romania,high_income,744.265665173337,3123.197014025624,101.70524196368322,600.3057081640693,80.82801667674332,2576.77235780956
184,Rwanda,baseline,720.0440166018238,2348.7613903978217,62.19790674135499,541.6497476753611,50.36341345587191,1876.4131592226493
184,Rwanda,eat_lancet,601.8366660819961,2846.4304129357715,0.0,489.67463782398426,0.0,2503.0
184,Rwanda,high_income,744.5659493359984,3125.765833467291,101.71412446162405,600.5492301956691,80.83446217447658,2579.208399320989
185,Russian Federation,baseline,787.176741072885,3245.9108146452163,104.9189580965997,619.5839947746248,79.86487050372124,2566.6750780702296
185,Russian Federation,eat_lancet,553.4353810319307,2642.9446709401286,0.0,501.5867245463714,0.0,2407.0
185,Russian Federation,high_income,744.4756993359983,3123.6908334672908,101.71412446162405,600.4589801956691,80.83446217447658,2577.1333993209887
188,Saint Kitts and Nevis,baseline,459.015,2393.5,72.87,390.7153373736451,60.98123797028614,2108.4149782375703
188,Saint Kitts and Nevis,eat_lancet,573.415953940492,2649.167741233649,0.0,495.9573992742909,0.0,2407.0
188,Saint Kitts and Nevis,high_income,459.015,2393.5,72.87,390.7153373736451,60.98123797028614,2108.4149782375703
189,Saint Lucia,baseline,519.3287121212121,2557.271841732362,86.72705731447084,427.36205863142544,72.17774280807234,2183.389988154331
189,Saint Lucia,eat_lancet,590.3799363601843,2679.683336119318,0.0,502.4707394028965,0.0,2407.0
189,Saint Lucia,high_income,744.4756993359983,3123.6908334672908,101.71412446162405,600.4589801956691,80.83446217447658,2577.1333993209887
191,Saint Vincent and the Grenadines,baseline,679.9725,2975.482461349571,91.80212989095224,541.5467205560118,75.6548213090317,2513.9307382849356
191,Saint Vincent and the Grenadines,eat_lancet,603.2689219548803,2788.590219520286,0.0,506.40820041995573,0.0,2503.0
191,Saint Vincent and the Grenadines,high_income,737.5270584604623,3045.0445955450846,101.50534729966687,593.5838128890996,80.6444440853831,2499.1186108873812
193,Sao Tome and Principe,baseline,645.2458014354067,2488.529506810124,55.00788986445763,513.9554752007114,46.82646686231346,2149.6160933712063
193,Sao Tome and Principe,eat_lancet,589.0285417475088,2743.7894738115688,0.0,497.4890990117995,0.0,2503.0
193,Sao Tome and Principe,high_income,737.7796750113042,3113.5709573110817,101.55906404483034,593.762955870975,80.67940175768285,2567.0135231647796
194,Saudi Arabia,baseline,547.1021305311723,3324.606461143173,90.0837570506104,439.04878390985095,72.15315950955986,2782.2140752438977
194,Saudi Arabia,eat_lancet,582.6184534524302,2773.0825213936473,0.0,492.30036475079595,0.0,2503.0
194,Saudi Arabia,high_income,547.1021305311723,3324.606461143173,90.0837570506104,439.04878390985095,72.15315950955986,2782.2140752438977
195,Senegal,baseline,524.8319235810303,2752.548494235369,68.39339167109523,442.0230014274048,59.261797565311724,2477.948032733546
195,Senegal,eat_lancet,595.7323638799862,2821.8743211461992,0.0,489.83583895208034,0.0,2503.0
195,Senegal,high_income,744.5659493359984,3125.765833467291,101.71412446162405,600.5492301956691,80.83446217447658,2579.208399320989
196,Seychelles,baseline,583.9475,2805.25,90.7775,500.11183787190936,79.10714912414878,2551.727156720088
196,Seychelles,eat_lancet,571.3868630538171,2620.1150357581187,0.0,497.69766310715295,0.0,2407.0
196,Seychelles,high_income,583.9475,2805.25,90.7775,500.11183787190936,79.10714912414878,2551.727156720088
197,Sierra Leone,baseline,609.1206043593131,2538.9023895841387,52.8087438239826,486.43791242542034,44.599040810677806,2193.814140109342
197,Sierra Leone,eat_lancet,596.6547623046387,2832.100595242634,0.0,487.0521495702099,0.0,2503.0
197,Sierra Leone,high_income,744.265665173337,3123.197014025624,101.70524196368322,600.3057081640693,80.82801667674332,2576.77235780956
198,Slovenia,baseline,808.3197523173228,3501.0218779936877,110.32182847823618,636.9344481868587,84.72880821434023,2706.7793282492567
198,Slovenia,eat_lancet,538.0467365340085,2599.9740182130654,0.0,497.6142387645809,0.0,2407.0
198,Slovenia,high_income,808.3197523173228,3501.0218779936877,110.32182847823618,636.9344481868587,84.72880821434023,2706.7793282492567
199,Slovakia,baseline,672.1288073394496,2622.3980521274384,72.32307347432118,553.9879909959183,55.66960239138252,2125.001639009678
199,Slovakia,eat_lancet,548.4770637776595,2625.0795568331914,0.0,504.0464745108348,0.0,2407.0
199,Slovakia,high_income,672.1288073394496,2622.3980521274384,72.32307347432118,553.9879909959183,55.66960239138252,2125.001639009678
202,South Africa,baseline,506.89728633874785,2901.411945190742,82.4346104525293,429.54158998861584,70.31291469202642,2572.658825739917
202,South Africa,eat_lancet,603.3644822248395,2852.7306927651084,0.0,491.62235233016787,0.0,2503.0
202,South Africa,high_income,744.4756993359983,3123.6908334672908,101.71412446162405,600.4589801956691,80.83446217447658,2577.1333993209887
203,Spain,baseline,873.0536339048048,3225.5528191024887,108.52288556863968,699.5139383371863,85.82375160464375,2704.844629052066
203,Spain,eat_lancet,557.9549715137247,2707.1439980360615,0.0,509.5589694102308,0.0,2503.0
203,Spain,high_income,873.0536339048048,3225.5528191024887,108.52288556863968,699.5139383371863,85.82375160464375,2704.844629052066
207,Suriname,baseline,599.4642321116929,2954.155649786566,69.09785967619013,493.1017501457294,56.91941727966459,2547.0205569366653
207,Suriname,eat_lancet,577.9512771645723,2661.458284978168,0.0,488.2411797099359,0.0,2407.0
207,Suriname,high_income,740.365433611738,3116.074162941695,101.5690698661988,596.3487144714088,80.68940757905132,2569.5167287953923
208,Tajikistan,baseline,676.1019935494634,2534.733457944202,74.63529148646938,508.3847566764645,57.48329628017249,2023.403704546227
208,Tajikistan,eat_lancet,619.5530740311331,2879.1144061301384,0.0,502.57086814802017,0.0,2503.0
208,Tajikistan,high_income,744.3559151733369,3125.272014025624,101.70524196368322,600.3959581640693,80.82801667674332,2578.8473578095604
209,Eswatini,baseline,769.4802901835064,2682.8480589512874,60.72081025778244,690.9434687780154,52.94363370894064,2440.4389953213904
209,Eswatini,eat_lancet,581.9581003465731,2773.491835851141,0.0,489.67953518768746,0.0,2503.0
209,Eswatini,high_income,744.4756993359983,3123.6908334672908,101.71412446162405,600.4589801956691,80.83446217447658,2577.1333993209887
210,Sweden,baseline,723.6677483710282,3092.22325663685,107.11876446942688,584.5301769202235,85.05134538573746,2541.143128331778
210,Sweden,eat_lancet,546.9784218241028,2623.950909913966,0.0,502.0712360135295,0.0,2407.0
210,Sweden,high_income,723.6677483710282,3092.22325663685,107.11876446942688,584.5301769202235,85.05134538573746,2541.143128331778
211,Switzerland,baseline,808.4246480428828,3176.9198363908604,96.22722401663354,668.7188649620177,77.069830259568,2676.304730999475
211,Switzerland,eat_lancet,561.4052329583866,2615.804041266507,0.0,513.6440067015543,0.0,2407.0
211,Switzerland,high_income,808.4246480428828,3176.9198363908604,96.22722401663354,668.7188649620177,77.069830259568,2676.304730999475
212,Syrian Arab Republic,baseline,640.5436651865786,2818.7919835319904,73.73382341328632,490.2986351533761,56.66070892895839,2304.6217866164925
212,Syrian Arab Republic,eat_lancet,620.7828188237779,2888.194503930921,0.0,503.3668103220042,0.0,2503.0
212,Syrian Arab Republic,high_income,744.3559151733369,3125.272014025624,101.70524196368322,600.3959581640693,80.82801667674332,2578.8473578095604
213,Turkmenistan,baseline,697.7622550223294,2949.4059658819024,95.50779353840568,528.7093472197862,73.0304952192037,2295.2626830365516
213,Turkmenistan,eat_lancet,620.630223680957,2795.6174528795395,0.0,502.10113365912986,0.0,2407.0
213,Turkmenistan,high_income,739.884894643618,3110.946881657847,101.64306954618257,596.3196832288107,80.77945246993166,2565.4598516680708
214,"China, Taiwan Province of",baseline,601.8771005243003,2869.383420160674,85.25986445524656,473.82418920557757,68.49986937319736,2406.1721255724055
214,"China, Taiwan Province of",eat_lancet,549.6591141955198,2713.9314359479904,0.0,494.99634007570364,0.0,2503.0
214,"China, Taiwan Province of",high_income,601.8771005243003,2869.383420160674,85.25986445524656,473.82418920557757,68.49986937319736,2406.1721255724055
215,United Republic of Tanzania,baseline,576.9798050124534,2571.859510148754,66.47443613855282,450.7839455685347,54.5615733566317,2155.730567615726
215,United Republic of Tanzania,eat_lancet,605.5806274158267,2890.455955692404,0.0,488.32066615613996,0.0,2503.0
215,United Republic of Tanzania,high_income,744.5659493359984,3125.765833467291,101.71412446162405,600.5492301956691,80.83446217447658,2579.208399320989
216,Thailand,baseline,640.3006859703861,2880.7661039683253,64.71173040030047,557.010911095767,55.46864962447869,2577.184066341978
216,Thailand,eat_lancet,571.6504220812826,2773.8800872474058,0.0,488.59504647422557,0.0,2503.0
216,Thailand,high_income,744.5659493359984,3125.765833467291,101.71412446162405,600.5492301956691,80.83446217447658,2579.208399320989
217,Togo,baseline,480.80445460085315,2616.367748751792,61.133456783034916,381.72156111801434,50.803550856537285,2200.684150121531
217,Togo,eat_lancet,589.3432859458368,2862.9458424919108,0.0,488.47331772071715,0.0,2503.0
217,Togo,high_income,740.365433611738,3116.074162941695,101.5690698661988,596.3487144714088,80.68940757905132,2569.5167287953923
220,Trinidad and Tobago,baseline,505.70360239769246,2865.4693087652518,83.50922989312959,424.0849480281177,69.3168751366627,2492.674619680911
220,Trinidad and Tobago,eat_lancet,588.4722479004063,2769.8187089702374,0.0,505.43586442109995,0.0,2503.0
220,Trinidad and Tobago,high_income,505.70360239769246,2865.4693087652518,83.50922989312959,424.0849480281177,69.3168751366627,2492.674619680911
221,Oman,baseline,713.599813710486,2890.892187650378,83.45121180665573,563.9562933972547,67.74281841169122,2402.769367110468
221,Oman,eat_lancet,587.412586621086,2753.135648211416,0.0,498.70464791586966,0.0,2503.0
221,Oman,high_income,713.599813710486,2890.892187650378,83.45121180665573,563.9562933972547,67.74281841169122,2402.769367110468
222,Tunisia,baseline,888.3634346261713,3656.3200303960084,106.0711365416386,670.2590506864763,82.18202988982735,2981.8692207506315
222,Tunisia,eat_lancet,620.3463345149268,2859.4848159115454,0.0,505.2916596915898,0.0,2503.0
222,Tunisia,high_income,744.3419151733369,3125.072014025624,101.70524196368322,600.3819581640693,80.82801667674332,2578.64735780956
223,Turkey,baseline,1075.107041801086,4098.669274204935,122.25381738354997,811.1512280564912,94.13288532967871,3315.454595931675
223,Turkey,eat_lancet,622.6435627059403,2884.554074919473,0.0,504.20179271133924,0.0,2503.0
223,Turkey,high_income,744.265665173337,3123.197014025624,101.70524196368322,600.3057081640693,80.82801667674332,2576.77235780956
225,United Arab Emirates,baseline,513.7468130862305,3133.1828669483834,83.8167178988539,425.13281964811625,69.03650055609968,2732.2563732786166
225,United Arab Emirates,eat_lancet,575.6793788547222,2745.320795115253,0.0,500.67140126693306,0.0,2503.0
225,United Arab Emirates,high_income,513.7468130862305,3133.1828669483834,83.8167178988539,425.13281964811625,69.03650055609968,2732.2563732786166
226,Uganda,baseline,484.75506837886957,2077.1284958124347,47.82404451848682,374.2284350198604,38.96703410567672,1713.940211190327
226,Uganda,eat_lancet,607.4067390390151,2891.543854948185,0.0,490.1968068348929,0.0,2502.9999999999995
226,Uganda,high_income,744.5659493359984,3125.765833467291,101.71412446162405,600.5492301956691,80.83446217447658,2579.208399320989
229,United Kingdom of Great Britain and Northern Ireland,baseline,767.5390983369258,3145.702642742633,102.18788520718032,616.8122575351123,79.34009594132883,2552.8237755993737
229,United Kingdom of Great Britain and Northern Ireland,eat_lancet,544.7112706864549,2625.0826536557033,0.0,499.35433289408024,0.0,2407.0
229,United Kingdom of Great Britain and Northern Ireland,high_income,767.5390983369258,3145.702642742633,102.18788520718032,616.8122575351123,79.34009594132883,2552.8237755993737
230,Ukraine,baseline,937.4616272359419,3279.5940551806852,98.555991625587,715.5591493412095,73.16924827079588,2496.1601841077236
230,Ukraine,eat_lancet,549.6085725466512,2649.817035826767,0.0,496.10236056013883,0.0,2407.0
230,Ukraine,high_income,744.4756993359983,3123.6908334672908,101.71412446162405,600.4589801956691,80.83446217447658,2577.1333993209887
231,United States of America,baseline,962.4897021840704,4126.111429341635,123.257845651394,749.7742610183016,94.12927960637239,3354.3485658436543
231,United States of America,eat_lancet,545.3086098830053,2711.249228055907,0.0,498.40274983305153,0.0,2503.0
231,United States of America,high_income,962.4897021840704,4126.111429341635,123.257845651394,749.7742610183016,94.12927960637239,3354.3485658436543
233,Burkina Faso,baseline,360.2054596911861,2734.938428532355,83.46939828179237,302.88126102194275,69.96155957438258,2349.833029952666
233,Burkina Faso,eat_lancet,600.3654994160088,2890.6642350452516,0.0,486.9372409332574,0.0,2503.0
233,Burkina Faso,high_income,744.5659493359984,3125.765833467291,101.71412446162405,600.5492301956691,80.83446217447658,2579.208399320989
234,Uruguay,baseline,805.9686927582534,3364.0231611960025,97.34346449142659,649.5302340074176,78.68758299357101,2827.140405543527
234,Uruguay,eat_lancet,607.0748527706303,2727.600724338937,0.0,502.58123779374114,0.0,2407.0
234,Uruguay,high_income,805.9686927582534,3364.0231611960025,97.34346449142659,649.5302340074176,78.68758299357101,2827.140405543527
235,Uzbekistan,baseline,1030.8614787366134,3292.705184661964,103.360655409073,777.2899862300635,79.43792133668742,2595.0957917033393
235,Uzbekistan,eat_lancet,622.6105153799316,2798.2334249608834,0.0,502.35013486018744,0.0,2407.0
235,Uzbekistan,high_income,744.3559151733369,3125.272014025624,101.70524196368322,600.3959581640693,80.82801667674332,2578.8473578095604
236,Venezuela (Bolivarian Republic of),baseline,533.7440906597175,2279.1402678424947,54.859054411235036,425.2451558677904,44.610923536236065,1971.4891754846917
236,Venezuela (Bolivarian Republic of),eat_lancet,597.0384910304431,2803.8062340381925,0.0,493.2640329990626,0.0,2503.0
236,Venezuela (Bolivarian Republic of),high_income,744.5659493359984,3125.765833467291,101.71412446162405,600.5492301956691,80.83446217447658,2579.208399320989
237,Viet Nam,baseline,739.8569084402588,3169.6135097811602,92.7358020950182,615.1961877996541,78.69524712727602,2758.617484717595
237,Viet Nam,eat_lancet,569.3256620833407,2691.0672702617867,0.0,482.50514015019394,0.0,2407.0
237,Viet Nam,high_income,744.5659493359984,3125.765833467291,101.71412446162405,600.5492301956691,80.83446217447658,2579.208399320989
238,Ethiopia,baseline,367.02341535939684,2530.9540747006445,73.92881392736139,297.20240793083576,61.228493603375426,2113.2077671885063
238,Ethiopia,eat_lancet,604.2310744523022,2905.4211061266515,0.0,486.3342276039858,0.0,2503.0
238,Ethiopia,high_income,744.5659493359984,3125.765833467291,101.71412446162405,600.5492301956691,80.83446217447658,2579.208399320989
244,Samoa,baseline,883.2403544061303,3123.12789176711,88.7313312392185,694.0123543617495,68.31553968308263,2500.650062282863
244,Samoa,eat_lancet,548.7247990474297,2681.3907222345783,0.0,504.8647486907606,0.0,2503.0
244,Samoa,high_income,740.365433611738,3116.074162941695,101.5690698661988,596.3487144714088,80.68940757905132,2569.5167287953923
249,Yemen,baseline,300.8802675211248,2016.681307302829,52.83734198766619,238.8314491546653,41.43505745850153,1659.3378987086865
249,Yemen,eat_lancet,605.2254137927497,2828.98466712274,0.0,498.04277911655294,0.0,2503.0
249,Yemen,high_income,741.3724246072993,3119.5644668558125,100.78439290707945,597.9336863369153,80.0679565127397,2574.140982462454
250,Democratic Republic of the Congo,baseline,541.8424515476654,1914.3190510642557,26.358810646148836,402.92052652093406,21.05296454687007,1489.6078384064378
250,Democratic Republic of the Congo,eat_lancet,594.7338190354662,2863.3994751911127,0.0,487.70368899299297,0.0,2503.0
250,Democratic Republic of the Congo,high_income,744.5659493359984,3125.765833467291,101.71412446162405,600.5492301956691,80.83446217447658,2579.208399320989
251,Zambia,baseline,421.46078949291245,2301.825354158059,60.610516760224336,337.015054443873,50.04804325406455,1919.2751790899474
251,Zambia,eat_lancet,602.6262713987923,2909.7373324190344,0.0,486.0665121391308,0.0,2503.0
251,Zambia,high_income,744.5659493359984,3125.765833467291,101.71412446162405,600.5492301956691,80.83446217447658,2579.208399320989
255,Belgium,baseline,825.486617807621,3445.1440248162544,98.45644797392144,667.6648284669444,78.83778038833871,2908.616125577048
255,Belgium,eat_lancet,548.6877622961878,2585.457879676046,0.0,510.2754272616528,0.0,2407.0
255,Belgium,high_income,825.486617807621,3445.1440248162544,98.45644797392144,667.6648284669444,78.83778038833871,2908.616125577048
256,Luxembourg,baseline,779.5717565872021,2996.846920008759,102.38743178948647,649.5296033009497,81.4061123507951,2420.5103823962822
256,Luxembourg,eat_lancet,550.4834912687037,2596.0926019729886,0.0,510.43733083641405,0.0,2407.0
256,Luxembourg,high_income,779.5717565872021,2996.846920008759,102.38743178948647,649.5296033009497,81.4061123507951,2420.5103823962822
272,Serbia,baseline,717.9802076774723,2887.966929171679,90.27632918230887,556.3140626480675,67.9719453682832,2190.4832599147785
272,Serbia,eat_lancet,553.4104461460597,2649.691084255545,0.0,499.856974895048,0.0,2407.0
272,Serbia,high_income,744.265665173337,3123.197014025624,101.70524196368322,600.3057081640693,80.82801667674332,2576.77235780956
273,Montenegro,baseline,1043.9118030665072,3291.65793806071,111.71132695778724,872.5197200676273,89.36743068284409,2648.771186375645
273,Montenegro,eat_lancet,551.2861196683336,2699.818144620136,0.0,506.50439090579255,0.0,2503.0
273,Montenegro,high_income,744.265665173337,3123.197014025624,101.70524196368322,600.3057081640693,80.82801667674332,2576.77235780956
276,Sudan,baseline,556.4056213129633,2767.8353526460933,81.25185611615791,451.279165442872,68.08470684155063,2389.9681297477136
276,Sudan,eat_lancet,611.8160326488573,2881.5288334834177,0.0,495.05378347578056,0.0,2503.0
276,Sudan,high_income,743.4788738643002,3123.5913051654043,101.28426597105802,599.6647584198021,80.48478523263486,2577.440474775297
