country_iso_code,fbs_item,system,proportion_est,proportion_obs,proportion
ABW,Poultry Meat,extensive,0.0071403670438066075,,0.0071403670438066075
AFE,Poultry Meat,extensive,0.37883108403716637,,0.37883108403716637
AFG,Poultry Meat,extensive,0.7428761674286631,0.98,0.98
AFW,Poultry Meat,extensive,0.32337696549836603,,0.32337696549836603
AGO,Poultry Meat,extensive,0.18953583074119193,,0.18953583074119193
ALB,Poultry Meat,extensive,0.04250125844728269,0.5,0.5
ARB,Poultry Meat,extensive,0.04851478124678212,,0.04851478124678212
ARE,Poultry Meat,extensive,0.002435184367589283,,0.002435184367589283
ARG,Poultry Meat,extensive,0.02098385783939029,,0.02098385783939029
ARM,Poultry Meat,extensive,0.04424145694437255,,0.04424145694437255
ATG,Poultry Meat,extensive,0.025981623489168944,,0.025981623489168944
AUS,Poultry Meat,extensive,0.004531973645743194,,0.004531973645743194
AUT,Poultry Meat,extensive,0.003884728575680493,0.01,0.01
AZE,Poultry Meat,extensive,0.042956936204423125,0.2,0.2
BDI,Poultry Meat,extensive,0.9224726816457635,0.9,0.9
BEL,Poultry Meat,extensive,0.004220262504252235,0.01,0.01
BEN,Poultry Meat,extensive,0.40409587387359197,0.8,0.8
BFA,Poultry Meat,extensive,0.5963087073234103,0.98,0.98
BGD,Poultry Meat,extensive,0.1894184895087658,0.81,0.81
BGR,Poultry Meat,extensive,0.01672162368179949,0.28,0.28
BHR,Poultry Meat,extensive,0.004597515664777156,,0.004597515664777156
BHS,Poultry Meat,extensive,0.011327481895937835,,0.011327481895937835
BIH,Poultry Meat,extensive,0.037133134789005776,,0.037133134789005776
BLR,Poultry Meat,extensive,0.024515080421117785,,0.024515080421117785
BLZ,Poultry Meat,extensive,0.10142862623356011,0.05,0.05
BMU,Poultry Meat,extensive,0.0018784937361307071,,0.0018784937361307071
BOL,Poultry Meat,extensive,0.11658575174117179,,0.11658575174117179
BRA,Poultry Meat,extensive,0.0421233260467665,0.05,0.05
BRB,Poultry Meat,extensive,0.046758967283854584,,0.046758967283854584
BRN,Poultry Meat,extensive,0.0032002509379234967,,0.0032002509379234967
BTN,Poultry Meat,extensive,0.07003062627379754,,0.07003062627379754
BWA,Poultry Meat,extensive,0.0408815219241962,,0.0408815219241962
CAF,Poultry Meat,extensive,0.8964294231720625,0.7000000000000001,0.7000000000000001
CAN,Poultry Meat,extensive,0.0048648834252264855,0.01,0.01
CEB,Poultry Meat,extensive,0.009207087228727496,,0.009207087228727496
CHE,Poultry Meat,extensive,0.0023536998838886245,0.01,0.01
CHL,Poultry Meat,extensive,0.015487031403334585,,0.015487031403334585
CHN,Poultry Meat,extensive,0.030155014167882355,,0.030155014167882355
CIV,Poultry Meat,extensive,0.22083158748843018,0.6,0.6
CMR,Poultry Meat,extensive,0.3570712743901907,0.7000000000000001,0.7000000000000001
COD,Poultry Meat,extensive,0.8454119010919443,0.9,0.9
COG,Poultry Meat,extensive,0.4159848479286751,,0.4159848479286751
COL,Poultry Meat,extensive,0.04183738056379298,,0.04183738056379298
COM,Poultry Meat,extensive,0.4168002305289569,0.72,0.72
CPV,Poultry Meat,extensive,0.18001566772745445,,0.18001566772745445
CRI,Poultry Meat,extensive,0.021574707287151357,,0.021574707287151357
CSS,Poultry Meat,extensive,0.036705225326904636,,0.036705225326904636
CUW,Poultry Meat,extensive,0.022362054558156305,,0.022362054558156305
CYM,Poultry Meat,extensive,0.002585829605731001,,0.002585829605731001
CYP,Poultry Meat,extensive,0.006274454303813849,,0.006274454303813849
CZE,Poultry Meat,extensive,0.00654885554683182,0.01,0.01
DEU,Poultry Meat,extensive,0.004012289497329733,0.01,0.01
DJI,Poultry Meat,extensive,0.24748549400989647,,0.24748549400989647
DMA,Poultry Meat,extensive,0.07036087879298696,,0.07036087879298696
DNK,Poultry Meat,extensive,0.003423853057420382,0.01,0.01
DOM,Poultry Meat,extensive,0.027245673557018322,,0.027245673557018322
DZA,Poultry Meat,extensive,0.06859696661770073,,0.06859696661770073
EAP,Poultry Meat,extensive,0.03837982606510204,,0.03837982606510204
EAR,Poultry Meat,extensive,0.09087022335808367,,0.09087022335808367
EAS,Poultry Meat,extensive,0.02737411117176488,,0.02737411117176488
ECA,Poultry Meat,extensive,0.018958243699655594,,0.018958243699655594
ECS,Poultry Meat,extensive,0.00844355934487858,,0.00844355934487858
ECU,Poultry Meat,extensive,0.07274606425333062,,0.07274606425333062
EGY,Poultry Meat,extensive,0.06329775570676514,0.34,0.34
EMU,Poultry Meat,extensive,0.0051742511148740265,,0.0051742511148740265
ESP,Poultry Meat,extensive,0.007473234601847757,0.01,0.01
EST,Poultry Meat,extensive,0.007190751501387686,,0.007190751501387686
ETH,Poultry Meat,extensive,0.5684734603802091,0.96,0.96
EUU,Poultry Meat,extensive,0.005652863269910219,,0.005652863269910219
FCS,Poultry Meat,extensive,0.291087530158436,,0.291087530158436
FIN,Poultry Meat,extensive,0.004708120894442474,0.01,0.01
FJI,Poultry Meat,extensive,0.07650360432803037,,0.07650360432803037
FRA,Poultry Meat,extensive,0.005456967755915929,0.01,0.01
FSM,Poultry Meat,extensive,0.40494410884547477,,0.40494410884547477
GAB,Poultry Meat,extensive,0.04640806672073224,0.7000000000000001,0.7000000000000001
GBR,Poultry Meat,extensive,0.005460182249185033,0.01,0.01
GEO,Poultry Meat,extensive,0.03790390767308697,0.89,0.89
GHA,Poultry Meat,extensive,0.21438555197073236,0.8,0.8
GIN,Poultry Meat,extensive,0.508952223879526,,0.508952223879526
GMB,Poultry Meat,extensive,0.617695014155168,0.8,0.8
GNB,Poultry Meat,extensive,0.6708454941554369,,0.6708454941554369
GNQ,Poultry Meat,extensive,0.041896041123050065,,0.041896041123050065
GRC,Poultry Meat,extensive,0.0117955183100146,0.13,0.13
GRD,Poultry Meat,extensive,0.04716015081317653,,0.04716015081317653
GTM,Poultry Meat,extensive,0.09834585085722075,0.28,0.28
GUY,Poultry Meat,extensive,0.020299419621587697,,0.020299419621587697
HIC,Poultry Meat,extensive,0.004474267020044988,,0.004474267020044988
HKG,Poultry Meat,extensive,0.00321490162029676,,0.00321490162029676
HND,Poultry Meat,extensive,0.20674116227055955,0.26,0.26
HPC,Poultry Meat,extensive,0.5306323317078065,,0.5306323317078065
HRV,Poultry Meat,extensive,0.010411661951984051,,0.010411661951984051
HTI,Poultry Meat,extensive,0.4704248751296503,,0.4704248751296503
HUN,Poultry Meat,extensive,0.00932836649941633,,0.00932836649941633
IBD,Poultry Meat,extensive,0.04626803950491026,,0.04626803950491026
IBT,Poultry Meat,extensive,0.0673225975503847,,0.0673225975503847
IDA,Poultry Meat,extensive,0.34926300164608676,,0.34926300164608676
IDB,Poultry Meat,extensive,0.2388379526941304,,0.2388379526941304
IDN,Poultry Meat,extensive,0.06061884176381938,0.24,0.24
IDX,Poultry Meat,extensive,0.4281573554128424,,0.4281573554128424
IND,Poultry Meat,extensive,0.16038733815180406,0.43,0.43
IRL,Poultry Meat,extensive,0.0011964818687974239,0.02,0.02
IRN,Poultry Meat,extensive,0.04009348766941562,0.07,0.07
IRQ,Poultry Meat,extensive,0.09769372262410647,0.1,0.1
ISL,Poultry Meat,extensive,0.003956434049537882,,0.003956434049537882
ISR,Poultry Meat,extensive,0.00617628957522209,,0.00617628957522209
ITA,Poultry Meat,extensive,0.006212001620652811,0.01,0.01
JAM,Poultry Meat,extensive,0.08710673443161566,,0.08710673443161566
JOR,Poultry Meat,extensive,0.09311961708076741,0.05,0.05
JPN,Poultry Meat,extensive,0.0065360681818980365,,0.0065360681818980365
KAZ,Poultry Meat,extensive,0.014780327386862527,,0.014780327386862527
KEN,Poultry Meat,extensive,0.25978782029075315,0.7000000000000001,0.7000000000000001
KGZ,Poultry Meat,extensive,0.25450781773959,,0.25450781773959
KHM,Poultry Meat,extensive,0.2913267519807198,0.65,0.65
KIR,Poultry Meat,extensive,0.647550886480924,,0.647550886480924
KNA,Poultry Meat,extensive,0.014401099255364497,,0.014401099255364497
KOR,Poultry Meat,extensive,0.005630763997355928,0.01,0.01
LAC,Poultry Meat,extensive,0.039675471874000105,,0.039675471874000105
LAO,Poultry Meat,extensive,0.12159062628735655,0.84,0.84
LBN,Poultry Meat,extensive,0.051793941617618425,0.05,0.05
LBR,Poultry Meat,extensive,0.7645991227536487,,0.7645991227536487
LBY,Poultry Meat,extensive,0.02023254901638268,,0.02023254901638268
LCA,Poultry Meat,extensive,0.05131637894334208,,0.05131637894334208
LCN,Poultry Meat,extensive,0.036680671526553424,,0.036680671526553424
LDC,Poultry Meat,extensive,0.44117465055792704,,0.44117465055792704
LIC,Poultry Meat,extensive,0.643275553885354,,0.643275553885354
LKA,Poultry Meat,extensive,0.049045397875785046,0.15,0.15
LMC,Poultry Meat,extensive,0.13835079055465985,,0.13835079055465985
LMY,Poultry Meat,extensive,0.07116053399521109,,0.07116053399521109
LSO,Poultry Meat,extensive,0.5731517271984605,0.99,0.99
LTE,Poultry Meat,extensive,0.02763255549127884,,0.02763255549127884
LTU,Poultry Meat,extensive,0.006994593129640351,,0.006994593129640351
LUX,Poultry Meat,extensive,0.0009568725114666351,,0.0009568725114666351
LVA,Poultry Meat,extensive,0.010148618248078882,0.1,0.1
MAC,Poultry Meat,extensive,0.0027881706558224957,,0.0027881706558224957
MAR,Poultry Meat,extensive,0.11643884718049144,0.2,0.2
MDA,Poultry Meat,extensive,0.04527196345714971,,0.04527196345714971
MDG,Poultry Meat,extensive,0.7551602338334066,0.6,0.6
MDV,Poultry Meat,extensive,0.02688345482791,,0.02688345482791
MEA,Poultry Meat,extensive,0.0366629696153695,,0.0366629696153695
MEX,Poultry Meat,extensive,0.02607562124286362,0.04,0.04
MHL,Poultry Meat,extensive,0.18700169468236424,,0.18700169468236424
MIC,Poultry Meat,extensive,0.060322738518396084,,0.060322738518396084
MKD,Poultry Meat,extensive,0.033975589867989556,,0.033975589867989556
MLI,Poultry Meat,extensive,0.6084904287779107,0.9500000000000001,0.9500000000000001
MLT,Poultry Meat,extensive,0.005532316087581107,,0.005532316087581107
MMR,Poultry Meat,extensive,0.3214792329907114,0.84,0.84
MNA,Poultry Meat,extensive,0.07573306278575728,,0.07573306278575728
MNE,Poultry Meat,extensive,0.02271743541827534,,0.02271743541827534
MNG,Poultry Meat,extensive,0.06233878344386588,,0.06233878344386588
MOZ,Poultry Meat,extensive,0.8104026608999871,0.9,0.9
MRT,Poultry Meat,extensive,0.22188079060063093,0.63,0.63
MUS,Poultry Meat,extensive,0.022006997680653808,,0.022006997680653808
MWI,Poultry Meat,extensive,0.7487418144881905,0.85,0.85
MYS,Poultry Meat,extensive,0.014553541681822917,0.01,0.01
NAC,Poultry Meat,extensive,0.0030205523883413098,,0.0030205523883413098
NAM,Poultry Meat,extensive,0.09458097846852463,0.62,0.62
NER,Poultry Meat,extensive,0.819682345178402,0.97,0.97
NGA,Poultry Meat,extensive,0.24682980417478564,0.7000000000000001,0.7000000000000001
NIC,Poultry Meat,extensive,0.20316430144239084,,0.20316430144239084
NLD,Poultry Meat,extensive,0.003575197368073379,0.01,0.01
NOR,Poultry Meat,extensive,0.002720830034007218,0.01,0.01
NPL,Poultry Meat,extensive,0.3423962086106084,,0.3423962086106084
NRU,Poultry Meat,extensive,0.05983442665192326,,0.05983442665192326
NZL,Poultry Meat,extensive,0.005952321198723528,,0.005952321198723528
OED,Poultry Meat,extensive,0.005494158201471954,,0.005494158201471954
OMN,Poultry Meat,extensive,0.008981826344839999,,0.008981826344839999
OSS,Poultry Meat,extensive,0.020915798905494484,,0.020915798905494484
PAK,Poultry Meat,extensive,0.2264790480026672,0.44,0.44
PAN,Poultry Meat,extensive,0.012176660969092062,,0.012176660969092062
PER,Poultry Meat,extensive,0.055189366019543704,0.11,0.11
PHL,Poultry Meat,extensive,0.11558698253813685,0.75,0.75
PLW,Poultry Meat,extensive,0.046576258074557474,,0.046576258074557474
PNG,Poultry Meat,extensive,0.359721707869411,,0.359721707869411
POL,Poultry Meat,extensive,0.0086914419690846,,0.0086914419690846
PRE,Poultry Meat,extensive,0.3998499316280061,,0.3998499316280061
PRI,Poultry Meat,extensive,0.009837012168470103,,0.009837012168470103
PRT,Poultry Meat,extensive,0.0092871297325286,,0.0092871297325286
PRY,Poultry Meat,extensive,0.0471637958470497,,0.0471637958470497
PSE,Poultry Meat,extensive,0.20293501029992186,,0.20293501029992186
PSS,Poultry Meat,extensive,0.18981585997574923,,0.18981585997574923
PST,Poultry Meat,extensive,0.0046507562143760835,,0.0046507562143760835
QAT,Poultry Meat,extensive,0.001435614487847362,,0.001435614487847362
ROU,Poultry Meat,extensive,0.010949117706427751,,0.010949117706427751
RUS,Poultry Meat,extensive,0.013046939480167292,,0.013046939480167292
RWA,Poultry Meat,extensive,0.5843374793952144,0.9,0.9
SAS,Poultry Meat,extensive,0.17200629326577857,,0.17200629326577857
SAU,Poultry Meat,extensive,0.005605789598001012,,0.005605789598001012
SDN,Poultry Meat,extensive,0.3570019306676155,,0.3570019306676155
SEN,Poultry Meat,extensive,0.3816089495577289,0.7000000000000001,0.7000000000000001
SGP,Poultry Meat,extensive,0.0011238577623067885,,0.0011238577623067885
SLB,Poultry Meat,extensive,0.5516942593247324,,0.5516942593247324
SLE,Poultry Meat,extensive,0.7200608198530183,,0.7200608198530183
SLV,Poultry Meat,extensive,0.09548377279647563,,0.09548377279647563
SOM,Poultry Meat,extensive,0.8311097415492957,,0.8311097415492957
SRB,Poultry Meat,extensive,0.024336833885051395,,0.024336833885051395
SSA,Poultry Meat,extensive,0.3554227773123262,,0.3554227773123262
SSF,Poultry Meat,extensive,0.3551833650896469,,0.3551833650896469
SST,Poultry Meat,extensive,0.024857402574023617,,0.024857402574023617
STP,Poultry Meat,extensive,0.31953764824703224,,0.31953764824703224
SUR,Poultry Meat,extensive,0.041246158461355924,,0.041246158461355924
SVK,Poultry Meat,extensive,0.010274490027763213,0.1,0.1
SVN,Poultry Meat,extensive,0.006761993961318783,0.01,0.01
SWE,Poultry Meat,extensive,0.0039527304378275075,0.01,0.01
SWZ,Poultry Meat,extensive,0.09964132099445416,,0.09964132099445416
SYC,Poultry Meat,extensive,0.012391952220954083,,0.012391952220954083
TCA,Poultry Meat,extensive,0.02754702717533712,,0.02754702717533712
TCD,Poultry Meat,extensive,0.7640697049914051,0.99,0.99
TEA,Poultry Meat,extensive,0.0376328509247719,,0.0376328509247719
TEC,Poultry Meat,extensive,0.01701574043374993,,0.01701574043374993
TGO,Poultry Meat,extensive,0.607622799225523,0.7000000000000001,0.7000000000000001
THA,Poultry Meat,extensive,0.03183770583031396,0.33,0.33
TJK,Poultry Meat,extensive,0.33475782777714835,,0.33475782777714835
TLA,Poultry Meat,extensive,0.03697688403043552,,0.03697688403043552
TLS,Poultry Meat,extensive,0.2393295529173345,,0.2393295529173345
TMN,Poultry Meat,extensive,0.075016572685068,,0.075016572685068
TON,Poultry Meat,extensive,0.17874044748447085,,0.17874044748447085
TSA,Poultry Meat,extensive,0.17200629326577857,,0.17200629326577857
TSS,Poultry Meat,extensive,0.3551833650896469,,0.3551833650896469
TTO,Poultry Meat,extensive,0.018558468695142598,,0.018558468695142598
TUN,Poultry Meat,extensive,0.076017578378683,0.6,0.6
TUR,Poultry Meat,extensive,0.010514327055014233,,0.010514327055014233
TUV,Poultry Meat,extensive,0.24673247386344227,,0.24673247386344227
TZA,Poultry Meat,extensive,0.519322680231283,0.7000000000000001,0.7000000000000001
UGA,Poultry Meat,extensive,0.5828440038709356,0.9,0.9
UKR,Poultry Meat,extensive,0.05202969961671088,0.75,0.75
UMC,Poultry Meat,extensive,0.028422503059167704,,0.028422503059167704
URY,Poultry Meat,extensive,0.018909011089212384,,0.018909011089212384
USA,Poultry Meat,extensive,0.002879834927073719,0.01,0.01
UZB,Poultry Meat,extensive,0.12446102355415119,,0.12446102355415119
VCT,Poultry Meat,extensive,0.04711901747618315,,0.04711901747618315
VNM,Poultry Meat,extensive,0.07322215183389957,0.7000000000000001,0.7000000000000001
VUT,Poultry Meat,extensive,0.48463953673936716,,0.48463953673936716
WLD,Poultry Meat,extensive,0.032106018158477814,,0.032106018158477814
WSM,Poultry Meat,extensive,0.20882591782032597,0.8,0.8
XKX,Poultry Meat,extensive,0.060388432477229546,,0.060388432477229546
ZAF,Poultry Meat,extensive,0.04953041644868399,0.2,0.2
ZMB,Poultry Meat,extensive,0.4156523626659446,,0.4156523626659446
ZWE,Poultry Meat,extensive,0.609628934615518,0.3,0.3
ABW,Pigmeat,extensive,0.010843361280131698,,0.010843361280131698
AFE,Pigmeat,extensive,0.779381620432218,,0.779381620432218
AFG,Pigmeat,extensive,0.8715557647384607,0.0,0.0
AFW,Pigmeat,extensive,0.7424123952243304,,0.7424123952243304
AGO,Pigmeat,extensive,0.5762665820349914,,0.5762665820349914
ALB,Pigmeat,extensive,0.12903272364336077,,0.12903272364336077
ARB,Pigmeat,extensive,0.15263164893070488,,0.15263164893070488
ARE,Pigmeat,extensive,0.0023088471575537263,0.0,0.0
ARG,Pigmeat,extensive,0.049945061091025436,0.22,0.22
ARM,Pigmeat,extensive,0.13583550566097408,,0.13583550566097408
ATG,Pigmeat,extensive,0.06704393260828166,,0.06704393260828166
AUS,Pigmeat,extensive,0.00564516617837917,,0.00564516617837917
AUT,Pigmeat,extensive,0.004522823192676202,0.018000000000000002,0.018000000000000002
AZE,Pigmeat,extensive,0.13081137002451756,,0.13081137002451756
BDI,Pigmeat,extensive,0.8823603821847441,0.9,0.9
BEL,Pigmeat,extensive,0.0050952897359848115,0.0,0.0
BEN,Pigmeat,extensive,0.792676604224951,0.8,0.8
BFA,Pigmeat,extensive,0.8520222393941799,0.93,0.93
BGD,Pigmeat,extensive,0.5760457346130486,0.99,0.99
BGR,Pigmeat,extensive,0.0363691384876905,0.203,0.203
BHR,Pigmeat,extensive,0.005762926634444149,0.0,0.0
BHS,Pigmeat,extensive,0.020963371657510322,,0.020963371657510322
BIH,Pigmeat,extensive,0.1082697652875094,,0.1082697652875094
BLR,Pigmeat,extensive,0.0619136141292795,,0.0619136141292795
BLZ,Pigmeat,extensive,0.35009091911847334,,0.35009091911847334
BMU,Pigmeat,extensive,0.0015885927413876167,,0.0015885927413876167
BOL,Pigmeat,extensive,0.3986274519540014,0.2,0.2
BRA,Pigmeat,extensive,0.12755912205648884,0.35000000000000003,0.35000000000000003
BRB,Pigmeat,extensive,0.1457183170568445,,0.1457183170568445
BRN,Pigmeat,extensive,0.0034218246996062874,,0.0034218246996062874
BTN,Pigmeat,extensive,0.23685115198107254,0.51,0.51
BWA,Pigmeat,extensive,0.12272814862287934,0.99,0.99
CAF,Pigmeat,extensive,0.8814094403674403,,0.8814094403674403
CAN,Pigmeat,extensive,0.006250800079040664,0.0,0.0
CEB,Pigmeat,extensive,0.015600569085043602,,0.015600569085043602
CHE,Pigmeat,extensive,0.0021983924413388877,0.004,0.004
CHL,Pigmeat,extensive,0.03264849081326001,0.05,0.05
CHN,Pigmeat,extensive,0.08206945350389834,,0.08206945350389834
CIV,Pigmeat,extensive,0.6292460609864485,0.55,0.55
CMR,Pigmeat,extensive,0.7662924983319863,0.6,0.6
COD,Pigmeat,extensive,0.8789945755943424,0.65,0.65
COG,Pigmeat,extensive,0.7983140710054536,,0.7983140710054536
COL,Pigmeat,extensive,0.12644518458126927,0.5,0.5
COM,Pigmeat,extensive,0.7986873796391077,0.0,0.0
CPV,Pigmeat,extensive,0.5577552610523967,0.99,0.99
CRI,Pigmeat,extensive,0.05190639657131583,0.1,0.1
CSS,Pigmeat,extensive,0.10663329281710746,,0.10663329281710746
CUW,Pigmeat,extensive,0.054546870028322966,,0.054546870028322966
CYM,Pigmeat,extensive,0.00251733364321737,,0.00251733364321737
CYP,Pigmeat,extensive,0.009008406725856122,0.004,0.004
CZE,Pigmeat,extensive,0.009578942896024949,0.003,0.003
DEU,Pigmeat,extensive,0.004738026012489566,0.002,0.002
DJI,Pigmeat,extensive,0.6662843675460214,0.0,0.0
DMA,Pigmeat,extensive,0.23811720154797228,,0.23811720154797228
DNK,Pigmeat,extensive,0.003771206595269022,0.0,0.0
DOM,Pigmeat,extensive,0.07153210340042691,,0.07153210340042691
DZA,Pigmeat,extensive,0.23134106372301338,,0.23134106372301338
EAP,Pigmeat,extensive,0.113055225100926,,0.113055225100926
EAR,Pigmeat,extensive,0.31380285881449244,,0.31380285881449244
EAS,Pigmeat,extensive,0.07199137192999865,,0.07199137192999865
ECA,Pigmeat,extensive,0.04336124958922208,,0.04336124958922208
ECS,Pigmeat,extensive,0.013784896943297214,,0.013784896943297214
ECU,Pigmeat,extensive,0.24722312282202058,,0.24722312282202058
EGY,Pigmeat,extensive,0.2107960548856127,,0.2107960548856127
EMU,Pigmeat,extensive,0.00682992351425504,,0.00682992351425504
ESP,Pigmeat,extensive,0.011574881586034588,0.005,0.005
EST,Pigmeat,extensive,0.010953181780152688,0.009000000000000001,0.009000000000000001
ETH,Pigmeat,extensive,0.8465315350934101,,0.8465315350934101
EUU,Pigmeat,extensive,0.007755466789970005,,0.007755466789970005
FCS,Pigmeat,extensive,0.714438906330281,,0.714438906330281
FIN,Pigmeat,extensive,0.0059633032826375155,0.0,0.0
FJI,Pigmeat,extensive,0.26142345769966147,,0.26142345769966147
FRA,Pigmeat,extensive,0.007372395261454081,0.002,0.002
FSM,Pigmeat,extensive,0.7930911823066459,,0.7930911823066459
GAB,Pigmeat,extensive,0.1443384342099603,,0.1443384342099603
GBR,Pigmeat,extensive,0.0073786341814507566,0.004,0.004
GEO,Pigmeat,extensive,0.11122539924961071,,0.11122539924961071
GHA,Pigmeat,extensive,0.6192416717011452,0.6,0.6
GIN,Pigmeat,extensive,0.8319795903454799,0.88,0.88
GMB,Pigmeat,extensive,0.8557736075046024,0.9,0.9
GNB,Pigmeat,extensive,0.8636146134968244,,0.8636146134968244
GNQ,Pigmeat,extensive,0.12667363267722895,,0.12667363267722895
GRC,Pigmeat,extensive,0.022205621823603694,0.038,0.038
GRD,Pigmeat,extensive,0.14729671819440024,,0.14729671819440024
GTM,Pigmeat,extensive,0.3397014183153804,0.48,0.48
GUY,Pigmeat,extensive,0.04769554893499363,,0.04769554893499363
HIC,Pigmeat,extensive,0.005542092393309348,,0.005542092393309348
HKG,Pigmeat,extensive,0.0034443992329158224,,0.0034443992329158224
HND,Pigmeat,extensive,0.6067927691212236,0.26,0.26
HPC,Pigmeat,extensive,0.8377788916888385,,0.8377788916888385
HRV,Pigmeat,extensive,0.01859208533411621,0.245,0.245
HTI,Pigmeat,extensive,0.8199723781437948,,0.8199723781437948
HUN,Pigmeat,extensive,0.015894880870294267,0.13699999999999998,0.13699999999999998
IBD,Pigmeat,extensive,0.1437879803443236,,0.1437879803443236
IBT,Pigmeat,extensive,0.22642482425138905,,0.22642482425138905
IDA,Pigmeat,extensive,0.7611766760166099,,0.7611766760166099
IDB,Pigmeat,extensive,0.654985678702551,,0.654985678702551
IDN,Pigmeat,extensive,0.20032073489075655,,0.20032073489075655
IDX,Pigmeat,extensive,0.8037182875843867,,0.8037182875843867
IND,Pigmeat,extensive,0.5155379388040858,0.77,0.77
IRL,Pigmeat,extensive,0.0008293515644653337,0.001,0.001
IRN,Pigmeat,extensive,0.11967200791616688,0.0,0.0
IRQ,Pigmeat,extensive,0.337481619597185,0.0,0.0
ISL,Pigmeat,extensive,0.004643422394195998,0.0,0.0
ISR,Pigmeat,extensive,0.008806847847519794,,0.008806847847519794
ITA,Pigmeat,extensive,0.008880017378651522,0.006,0.006
JAM,Pigmeat,extensive,0.3003994734373978,0.56,0.56
JOR,Pigmeat,extensive,0.32169879416628294,0.0,0.0
JPN,Pigmeat,extensive,0.009552125288267984,,0.009552125288267984
KAZ,Pigmeat,extensive,0.0305670291454545,,0.0305670291454545
KEN,Pigmeat,extensive,0.6812821441628143,0.56,0.56
KGZ,Pigmeat,extensive,0.6749940165514127,,0.6749940165514127
KHM,Pigmeat,extensive,0.7146675927552204,0.8,0.8
KIR,Pigmeat,extensive,0.8604169289324839,,0.8604169289324839
KNA,Pigmeat,extensive,0.029465281308220796,,0.029465281308220796
KOR,Pigmeat,extensive,0.007711962389730723,0.0,0.0
LAC,Pigmeat,extensive,0.11805414201280265,,0.11805414201280265
LAO,Pigmeat,extensive,0.4137171205796671,0.85,0.85
LBN,Pigmeat,extensive,0.16556734771741616,,0.16556734771741616
LBR,Pigmeat,extensive,0.8734643573132497,,0.8734643573132497
LBY,Pigmeat,extensive,0.04747709722890284,0.0,0.0
LCA,Pigmeat,extensive,0.1636824436627259,,0.1636824436627259
LCN,Pigmeat,extensive,0.10653948945705377,,0.10653948945705377
LDC,Pigmeat,extensive,0.8091176322934519,,0.8091176322934519
LIC,Pigmeat,extensive,0.859791241936548,,0.859791241936548
LKA,Pigmeat,extensive,0.15472322555442677,0.6,0.6
LMC,Pigmeat,extensive,0.46091263837966373,,0.46091263837966373
LMY,Pigmeat,extensive,0.24117755957188608,,0.24117755957188608
LSO,Pigmeat,extensive,0.8475062775132394,0.78,0.78
LTE,Pigmeat,extensive,0.07291726664233843,,0.07291726664233843
LTU,Pigmeat,extensive,0.010527472037356541,0.195,0.195
LUX,Pigmeat,extensive,0.0006010174043700905,0.0,0.0
LVA,Pigmeat,extensive,0.017926117338077217,0.11,0.11
MAC,Pigmeat,extensive,0.002805830343388015,,0.002805830343388015
MAR,Pigmeat,extensive,0.3981775119168223,,0.3981775119168223
MDA,Pigmeat,extensive,0.13987578188957353,,0.13987578188957353
MDG,Pigmeat,extensive,0.8726595819052138,0.55,0.55
MDV,Pigmeat,extensive,0.07024003201828825,0.0,0.0
MEA,Pigmeat,extensive,0.10647186924216516,,0.10647186924216516
MEX,Pigmeat,extensive,0.06737564059029541,0.5,0.5
MHL,Pigmeat,extensive,0.5714571485601381,,0.5714571485601381
MIC,Pigmeat,extensive,0.19915990945705003,,0.19915990945705003
MKD,Pigmeat,extensive,0.09627689457061551,,0.09627689457061551
MLI,Pigmeat,extensive,0.8542054366335754,0.6,0.6
MLT,Pigmeat,extensive,0.007519050909815036,0.0,0.0
MMR,Pigmeat,extensive,0.7409180312165468,0.9500000000000001,0.9500000000000001
MNA,Pigmeat,extensive,0.2585266661999821,,0.2585266661999821
MNE,Pigmeat,extensive,0.055748403386379895,0.7090000000000001,0.7090000000000001
MNG,Pigmeat,extensive,0.20705211136567372,,0.20705211136567372
MOZ,Pigmeat,extensive,0.8768784727341858,,0.8768784727341858
MRT,Pigmeat,extensive,0.6308333482044517,0.0,0.0
MUS,Pigmeat,extensive,0.05335241604600771,1.0,1.0
MWI,Pigmeat,extensive,0.8720909731021815,0.87,0.87
MYS,Pigmeat,extensive,0.029906862550096808,0.0,0.0
NAC,Pigmeat,extensive,0.003148645961112585,,0.003148645961112585
NAM,Pigmeat,extensive,0.32678138202387763,0.65,0.65
NER,Pigmeat,extensive,0.8774784589221898,0.65,0.65
NGA,Pigmeat,extensive,0.6654502606338614,0.91,0.91
NIC,Pigmeat,extensive,0.6007402831618012,,0.6007402831618012
NLD,Pigmeat,extensive,0.004013446405853477,0.0,0.0
NOR,Pigmeat,extensive,0.0027087612245361783,0.001,0.001
NPL,Pigmeat,extensive,0.7564786842187752,0.58,0.58
NRU,Pigmeat,extensive,0.1972444046538503,,0.1972444046538503
NZL,Pigmeat,extensive,0.008352104516513418,,0.008352104516513418
OED,Pigmeat,extensive,0.007444673584372356,,0.007444673584372356
OMN,Pigmeat,extensive,0.015058160357949366,0.0,0.0
OSS,Pigmeat,extensive,0.04972027994622986,,0.04972027994622986
PAK,Pigmeat,extensive,0.6376581597445036,0.0,0.0
PAN,Pigmeat,extensive,0.02323182473759399,0.38,0.38
PER,Pigmeat,extensive,0.17896579015384373,0.99,0.99
PHL,Pigmeat,extensive,0.395560505361365,0.71,0.71
PLW,Pigmeat,extensive,0.14499974745342045,,0.14499974745342045
PNG,Pigmeat,extensive,0.7679764608238877,0.98,0.98
POL,Pigmeat,extensive,0.014367205439582871,0.044000000000000004,0.044000000000000004
PRE,Pigmeat,extensive,0.7905717929869217,,0.7905717929869217
PRI,Pigmeat,extensive,0.017146245937335193,,0.017146245937335193
PRT,Pigmeat,extensive,0.015794632664915677,0.048,0.048
PRY,Pigmeat,extensive,0.14731106272198172,0.7000000000000001,0.7000000000000001
PSE,Pigmeat,extensive,0.6003472062155457,,0.6003472062155457
PSS,Pigmeat,extensive,0.5767929028077398,,0.5767929028077398
PST,Pigmeat,extensive,0.005859121869531822,,0.005859121869531822
QAT,Pigmeat,extensive,0.0010783597704524257,0.0,0.0
ROU,Pigmeat,extensive,0.019973964466115525,0.556,0.556
RUS,Pigmeat,extensive,0.025622236331814145,0.38,0.38
RWA,Pigmeat,extensive,0.8497500636245255,,0.8497500636245255
SAS,Pigmeat,extensive,0.5412129044533789,,0.5412129044533789
SAU,Pigmeat,extensive,0.007662886173838639,0.0,0.0
SDN,Pigmeat,extensive,0.7662480895007067,0.0,0.0
SEN,Pigmeat,extensive,0.7809378563059495,0.8,0.8
SGP,Pigmeat,extensive,0.0007577944080440125,,0.0007577944080440125
SLB,Pigmeat,extensive,0.8428487153227578,,0.8428487153227578
SLE,Pigmeat,extensive,0.8693255818662061,,0.8693255818662061
SLV,Pigmeat,extensive,0.3299025115496112,0.53,0.53
SOM,Pigmeat,extensive,0.8781779953306443,,0.8781779953306443
SRB,Pigmeat,extensive,0.06129602994421202,,0.06129602994421202
SSA,Pigmeat,extensive,0.7652318798922163,,0.7652318798922163
SSF,Pigmeat,extensive,0.7650769921931108,,0.7650769921931108
SST,Pigmeat,extensive,0.06310339116980104,,0.06310339116980104
STP,Pigmeat,extensive,0.7393711170209862,0.9,0.9
SUR,Pigmeat,extensive,0.12414486128218172,,0.12414486128218172
SVK,Pigmeat,extensive,0.018243933629281575,0.040999999999999995,0.040999999999999995
SVN,Pigmeat,extensive,0.010029194920249774,0.187,0.187
SWE,Pigmeat,extensive,0.004637169932229885,0.001,0.001
SWZ,Pigmeat,extensive,0.3440883688559836,0.78,0.78
SYC,Pigmeat,extensive,0.023817132952978562,,0.023817132952978562
TCA,Pigmeat,extensive,0.07261059875943564,,0.07261059875943564
TCD,Pigmeat,extensive,0.8734201884501082,1.0,1.0
TEA,Pigmeat,extensive,0.11018486290184216,,0.11018486290184216
TEC,Pigmeat,extensive,0.03727064421377628,,0.03727064421377628
TGO,Pigmeat,extensive,0.8540540728430276,,0.8540540728430276
THA,Pigmeat,extensive,0.08828034711209826,0.2,0.2
TJK,Pigmeat,extensive,0.7510220978197821,,0.7510220978197821
TLA,Pigmeat,extensive,0.10767183453536423,,0.10767183453536423
TLS,Pigmeat,extensive,0.6556456197772014,,0.6556456197772014
TMN,Pigmeat,extensive,0.25582589575416737,,0.25582589575416737
TON,Pigmeat,extensive,0.5551821456435388,,0.5551821456435388
TSA,Pigmeat,extensive,0.5412129044533789,,0.5412129044533789
TSS,Pigmeat,extensive,0.7650769921931108,,0.7650769921931108
TTO,Pigmeat,extensive,0.0420890792869056,,0.0420890792869056
TUN,Pigmeat,extensive,0.25959722049137013,,0.25959722049137013
TUR,Pigmeat,extensive,0.01885387628530763,,0.01885387628530763
TUV,Pigmeat,extensive,0.6653261363398659,,0.6653261363398659
TZA,Pigmeat,extensive,0.8348316857095368,0.09,0.09
UGA,Pigmeat,extensive,0.8494573869274564,,0.8494573869274564
UKR,Pigmeat,extensive,0.16649790368927406,0.64,0.64
UMC,Pigmeat,extensive,0.07576142501135039,,0.07576142501135039
URY,Pigmeat,extensive,0.043204076731616685,0.25,0.25
USA,Pigmeat,extensive,0.0029396184790330946,0.01,0.01
UZB,Pigmeat,extensive,0.42216235506296673,,0.42216235506296673
VCT,Pigmeat,extensive,0.14713484806075477,,0.14713484806075477
VNM,Pigmeat,extensive,0.24903241914099886,0.8,0.8
VUT,Pigmeat,extensive,0.8246794141737138,,0.8246794141737138
WLD,Pigmeat,extensive,0.08927775896750718,,0.08927775896750718
WSM,Pigmeat,extensive,0.6102525973112852,0.8,0.8
XKX,Pigmeat,extensive,0.19941749870753522,,0.19941749870753522
ZAF,Pigmeat,extensive,0.15663578469068729,,0.15663578469068729
ZMB,Pigmeat,extensive,0.7981613698314981,,0.7981613698314981
ZWE,Pigmeat,extensive,0.8544031168735376,0.5,0.5
ABW,Poultry Meat,intensive,0.9928596329561934,,0.9928596329561934
AFE,Poultry Meat,intensive,0.6211689159628336,,0.6211689159628336
AFG,Poultry Meat,intensive,0.25712383257133686,0.020000000000000018,0.020000000000000018
AFW,Poultry Meat,intensive,0.676623034501634,,0.676623034501634
AGO,Poultry Meat,intensive,0.810464169258808,,0.810464169258808
ALB,Poultry Meat,intensive,0.9574987415527173,0.5,0.5
ARB,Poultry Meat,intensive,0.9514852187532179,,0.9514852187532179
ARE,Poultry Meat,intensive,0.9975648156324107,,0.9975648156324107
ARG,Poultry Meat,intensive,0.9790161421606097,,0.9790161421606097
ARM,Poultry Meat,intensive,0.9557585430556275,,0.9557585430556275
ATG,Poultry Meat,intensive,0.974018376510831,,0.974018376510831
AUS,Poultry Meat,intensive,0.9954680263542568,,0.9954680263542568
AUT,Poultry Meat,intensive,0.9961152714243195,0.99,0.99
AZE,Poultry Meat,intensive,0.9570430637955769,0.8,0.8
BDI,Poultry Meat,intensive,0.07752731835423654,0.09999999999999998,0.09999999999999998
BEL,Poultry Meat,intensive,0.9957797374957478,0.99,0.99
BEN,Poultry Meat,intensive,0.595904126126408,0.19999999999999996,0.19999999999999996
BFA,Poultry Meat,intensive,0.40369129267658965,0.020000000000000018,0.020000000000000018
BGD,Poultry Meat,intensive,0.8105815104912342,0.18999999999999995,0.18999999999999995
BGR,Poultry Meat,intensive,0.9832783763182005,0.72,0.72
BHR,Poultry Meat,intensive,0.9954024843352228,,0.9954024843352228
BHS,Poultry Meat,intensive,0.9886725181040622,,0.9886725181040622
BIH,Poultry Meat,intensive,0.9628668652109942,,0.9628668652109942
BLR,Poultry Meat,intensive,0.9754849195788822,,0.9754849195788822
BLZ,Poultry Meat,intensive,0.8985713737664399,0.95,0.95
BMU,Poultry Meat,intensive,0.9981215062638693,,0.9981215062638693
BOL,Poultry Meat,intensive,0.8834142482588282,,0.8834142482588282
BRA,Poultry Meat,intensive,0.9578766739532335,0.95,0.95
BRB,Poultry Meat,intensive,0.9532410327161455,,0.9532410327161455
BRN,Poultry Meat,intensive,0.9967997490620765,,0.9967997490620765
BTN,Poultry Meat,intensive,0.9299693737262025,,0.9299693737262025
BWA,Poultry Meat,intensive,0.9591184780758037,,0.9591184780758037
CAF,Poultry Meat,intensive,0.10357057682793747,0.29999999999999993,0.29999999999999993
CAN,Poultry Meat,intensive,0.9951351165747735,0.99,0.99
CEB,Poultry Meat,intensive,0.9907929127712725,,0.9907929127712725
CHE,Poultry Meat,intensive,0.9976463001161113,0.99,0.99
CHL,Poultry Meat,intensive,0.9845129685966654,,0.9845129685966654
CHN,Poultry Meat,intensive,0.9698449858321176,,0.9698449858321176
CIV,Poultry Meat,intensive,0.7791684125115699,0.4,0.4
CMR,Poultry Meat,intensive,0.6429287256098093,0.29999999999999993,0.29999999999999993
COD,Poultry Meat,intensive,0.1545880989080557,0.09999999999999998,0.09999999999999998
COG,Poultry Meat,intensive,0.5840151520713248,,0.5840151520713248
COL,Poultry Meat,intensive,0.9581626194362071,,0.9581626194362071
COM,Poultry Meat,intensive,0.5831997694710431,0.28,0.28
CPV,Poultry Meat,intensive,0.8199843322725455,,0.8199843322725455
CRI,Poultry Meat,intensive,0.9784252927128486,,0.9784252927128486
CSS,Poultry Meat,intensive,0.9632947746730953,,0.9632947746730953
CUW,Poultry Meat,intensive,0.9776379454418437,,0.9776379454418437
CYM,Poultry Meat,intensive,0.997414170394269,,0.997414170394269
CYP,Poultry Meat,intensive,0.9937255456961861,,0.9937255456961861
CZE,Poultry Meat,intensive,0.9934511444531682,0.99,0.99
DEU,Poultry Meat,intensive,0.9959877105026703,0.99,0.99
DJI,Poultry Meat,intensive,0.7525145059901035,,0.7525145059901035
DMA,Poultry Meat,intensive,0.9296391212070131,,0.9296391212070131
DNK,Poultry Meat,intensive,0.9965761469425796,0.99,0.99
DOM,Poultry Meat,intensive,0.9727543264429817,,0.9727543264429817
DZA,Poultry Meat,intensive,0.9314030333822992,,0.9314030333822992
EAP,Poultry Meat,intensive,0.961620173934898,,0.961620173934898
EAR,Poultry Meat,intensive,0.9091297766419163,,0.9091297766419163
EAS,Poultry Meat,intensive,0.9726258888282351,,0.9726258888282351
ECA,Poultry Meat,intensive,0.9810417563003444,,0.9810417563003444
ECS,Poultry Meat,intensive,0.9915564406551214,,0.9915564406551214
ECU,Poultry Meat,intensive,0.9272539357466694,,0.9272539357466694
EGY,Poultry Meat,intensive,0.9367022442932349,0.6599999999999999,0.6599999999999999
EMU,Poultry Meat,intensive,0.994825748885126,,0.994825748885126
ESP,Poultry Meat,intensive,0.9925267653981522,0.99,0.99
EST,Poultry Meat,intensive,0.9928092484986123,,0.9928092484986123
ETH,Poultry Meat,intensive,0.4315265396197909,0.040000000000000036,0.040000000000000036
EUU,Poultry Meat,intensive,0.9943471367300898,,0.9943471367300898
FCS,Poultry Meat,intensive,0.708912469841564,,0.708912469841564
FIN,Poultry Meat,intensive,0.9952918791055575,0.99,0.99
FJI,Poultry Meat,intensive,0.9234963956719696,,0.9234963956719696
FRA,Poultry Meat,intensive,0.994543032244084,0.99,0.99
FSM,Poultry Meat,intensive,0.5950558911545252,,0.5950558911545252
GAB,Poultry Meat,intensive,0.9535919332792677,0.29999999999999993,0.29999999999999993
GBR,Poultry Meat,intensive,0.994539817750815,0.99,0.99
GEO,Poultry Meat,intensive,0.9620960923269131,0.10999999999999999,0.10999999999999999
GHA,Poultry Meat,intensive,0.7856144480292676,0.19999999999999996,0.19999999999999996
GIN,Poultry Meat,intensive,0.491047776120474,,0.491047776120474
GMB,Poultry Meat,intensive,0.38230498584483197,0.19999999999999996,0.19999999999999996
GNB,Poultry Meat,intensive,0.3291545058445631,,0.3291545058445631
GNQ,Poultry Meat,intensive,0.95810395887695,,0.95810395887695
GRC,Poultry Meat,intensive,0.9882044816899854,0.87,0.87
GRD,Poultry Meat,intensive,0.9528398491868235,,0.9528398491868235
GTM,Poultry Meat,intensive,0.9016541491427792,0.72,0.72
GUY,Poultry Meat,intensive,0.9797005803784123,,0.9797005803784123
HIC,Poultry Meat,intensive,0.9955257329799551,,0.9955257329799551
HKG,Poultry Meat,intensive,0.9967850983797032,,0.9967850983797032
HND,Poultry Meat,intensive,0.7932588377294405,0.74,0.74
HPC,Poultry Meat,intensive,0.46936766829219345,,0.46936766829219345
HRV,Poultry Meat,intensive,0.9895883380480159,,0.9895883380480159
HTI,Poultry Meat,intensive,0.5295751248703497,,0.5295751248703497
HUN,Poultry Meat,intensive,0.9906716335005836,,0.9906716335005836
IBD,Poultry Meat,intensive,0.9537319604950898,,0.9537319604950898
IBT,Poultry Meat,intensive,0.9326774024496153,,0.9326774024496153
IDA,Poultry Meat,intensive,0.6507369983539133,,0.6507369983539133
IDB,Poultry Meat,intensive,0.7611620473058696,,0.7611620473058696
IDN,Poultry Meat,intensive,0.9393811582361806,0.76,0.76
IDX,Poultry Meat,intensive,0.5718426445871576,,0.5718426445871576
IND,Poultry Meat,intensive,0.8396126618481959,0.5700000000000001,0.5700000000000001
IRL,Poultry Meat,intensive,0.9988035181312026,0.98,0.98
IRN,Poultry Meat,intensive,0.9599065123305843,0.9299999999999999,0.9299999999999999
IRQ,Poultry Meat,intensive,0.9023062773758935,0.9,0.9
ISL,Poultry Meat,intensive,0.9960435659504622,,0.9960435659504622
ISR,Poultry Meat,intensive,0.9938237104247779,,0.9938237104247779
ITA,Poultry Meat,intensive,0.9937879983793472,0.99,0.99
JAM,Poultry Meat,intensive,0.9128932655683843,,0.9128932655683843
JOR,Poultry Meat,intensive,0.9068803829192326,0.95,0.95
JPN,Poultry Meat,intensive,0.993463931818102,,0.993463931818102
KAZ,Poultry Meat,intensive,0.9852196726131375,,0.9852196726131375
KEN,Poultry Meat,intensive,0.7402121797092469,0.29999999999999993,0.29999999999999993
KGZ,Poultry Meat,intensive,0.7454921822604099,,0.7454921822604099
KHM,Poultry Meat,intensive,0.7086732480192802,0.35,0.35
KIR,Poultry Meat,intensive,0.35244911351907604,,0.35244911351907604
KNA,Poultry Meat,intensive,0.9855989007446355,,0.9855989007446355
KOR,Poultry Meat,intensive,0.994369236002644,0.99,0.99
LAC,Poultry Meat,intensive,0.9603245281259999,,0.9603245281259999
LAO,Poultry Meat,intensive,0.8784093737126435,0.16000000000000003,0.16000000000000003
LBN,Poultry Meat,intensive,0.9482060583823816,0.95,0.95
LBR,Poultry Meat,intensive,0.23540087724635128,,0.23540087724635128
LBY,Poultry Meat,intensive,0.9797674509836173,,0.9797674509836173
LCA,Poultry Meat,intensive,0.9486836210566579,,0.9486836210566579
LCN,Poultry Meat,intensive,0.9633193284734466,,0.9633193284734466
LDC,Poultry Meat,intensive,0.558825349442073,,0.558825349442073
LIC,Poultry Meat,intensive,0.35672444611464604,,0.35672444611464604
LKA,Poultry Meat,intensive,0.950954602124215,0.85,0.85
LMC,Poultry Meat,intensive,0.8616492094453402,,0.8616492094453402
LMY,Poultry Meat,intensive,0.928839466004789,,0.928839466004789
LSO,Poultry Meat,intensive,0.4268482728015395,0.010000000000000009,0.010000000000000009
LTE,Poultry Meat,intensive,0.9723674445087211,,0.9723674445087211
LTU,Poultry Meat,intensive,0.9930054068703597,,0.9930054068703597
LUX,Poultry Meat,intensive,0.9990431274885334,,0.9990431274885334
LVA,Poultry Meat,intensive,0.9898513817519211,0.9,0.9
MAC,Poultry Meat,intensive,0.9972118293441775,,0.9972118293441775
MAR,Poultry Meat,intensive,0.8835611528195085,0.8,0.8
MDA,Poultry Meat,intensive,0.9547280365428503,,0.9547280365428503
MDG,Poultry Meat,intensive,0.24483976616659342,0.4,0.4
MDV,Poultry Meat,intensive,0.97311654517209,,0.97311654517209
MEA,Poultry Meat,intensive,0.9633370303846305,,0.9633370303846305
MEX,Poultry Meat,intensive,0.9739243787571363,0.96,0.96
MHL,Poultry Meat,intensive,0.8129983053176357,,0.8129983053176357
MIC,Poultry Meat,intensive,0.9396772614816039,,0.9396772614816039
MKD,Poultry Meat,intensive,0.9660244101320105,,0.9660244101320105
MLI,Poultry Meat,intensive,0.3915095712220893,0.04999999999999993,0.04999999999999993
MLT,Poultry Meat,intensive,0.9944676839124189,,0.9944676839124189
MMR,Poultry Meat,intensive,0.6785207670092885,0.16000000000000003,0.16000000000000003
MNA,Poultry Meat,intensive,0.9242669372142427,,0.9242669372142427
MNE,Poultry Meat,intensive,0.9772825645817247,,0.9772825645817247
MNG,Poultry Meat,intensive,0.9376612165561341,,0.9376612165561341
MOZ,Poultry Meat,intensive,0.18959733910001286,0.09999999999999998,0.09999999999999998
MRT,Poultry Meat,intensive,0.7781192093993691,0.37,0.37
MUS,Poultry Meat,intensive,0.9779930023193462,,0.9779930023193462
MWI,Poultry Meat,intensive,0.25125818551180945,0.15000000000000002,0.15000000000000002
MYS,Poultry Meat,intensive,0.9854464583181771,0.99,0.99
NAC,Poultry Meat,intensive,0.9969794476116587,,0.9969794476116587
NAM,Poultry Meat,intensive,0.9054190215314754,0.38,0.38
NER,Poultry Meat,intensive,0.180317654821598,0.030000000000000027,0.030000000000000027
NGA,Poultry Meat,intensive,0.7531701958252144,0.29999999999999993,0.29999999999999993
NIC,Poultry Meat,intensive,0.7968356985576092,,0.7968356985576092
NLD,Poultry Meat,intensive,0.9964248026319267,0.99,0.99
NOR,Poultry Meat,intensive,0.9972791699659928,0.99,0.99
NPL,Poultry Meat,intensive,0.6576037913893916,,0.6576037913893916
NRU,Poultry Meat,intensive,0.9401655733480767,,0.9401655733480767
NZL,Poultry Meat,intensive,0.9940476788012764,,0.9940476788012764
OED,Poultry Meat,intensive,0.9945058417985281,,0.9945058417985281
OMN,Poultry Meat,intensive,0.99101817365516,,0.99101817365516
OSS,Poultry Meat,intensive,0.9790842010945056,,0.9790842010945056
PAK,Poultry Meat,intensive,0.7735209519973328,0.56,0.56
PAN,Poultry Meat,intensive,0.9878233390309079,,0.9878233390309079
PER,Poultry Meat,intensive,0.9448106339804563,0.89,0.89
PHL,Poultry Meat,intensive,0.8844130174618632,0.25,0.25
PLW,Poultry Meat,intensive,0.9534237419254425,,0.9534237419254425
PNG,Poultry Meat,intensive,0.640278292130589,,0.640278292130589
POL,Poultry Meat,intensive,0.9913085580309154,,0.9913085580309154
PRE,Poultry Meat,intensive,0.6001500683719939,,0.6001500683719939
PRI,Poultry Meat,intensive,0.9901629878315299,,0.9901629878315299
PRT,Poultry Meat,intensive,0.9907128702674713,,0.9907128702674713
PRY,Poultry Meat,intensive,0.9528362041529503,,0.9528362041529503
PSE,Poultry Meat,intensive,0.7970649897000781,,0.7970649897000781
PSS,Poultry Meat,intensive,0.8101841400242508,,0.8101841400242508
PST,Poultry Meat,intensive,0.995349243785624,,0.995349243785624
QAT,Poultry Meat,intensive,0.9985643855121527,,0.9985643855121527
ROU,Poultry Meat,intensive,0.9890508822935723,,0.9890508822935723
RUS,Poultry Meat,intensive,0.9869530605198327,,0.9869530605198327
RWA,Poultry Meat,intensive,0.4156625206047856,0.09999999999999998,0.09999999999999998
SAS,Poultry Meat,intensive,0.8279937067342215,,0.8279937067342215
SAU,Poultry Meat,intensive,0.9943942104019989,,0.9943942104019989
SDN,Poultry Meat,intensive,0.6429980693323845,,0.6429980693323845
SEN,Poultry Meat,intensive,0.6183910504422712,0.29999999999999993,0.29999999999999993
SGP,Poultry Meat,intensive,0.9988761422376932,,0.9988761422376932
SLB,Poultry Meat,intensive,0.4483057406752676,,0.4483057406752676
SLE,Poultry Meat,intensive,0.2799391801469817,,0.2799391801469817
SLV,Poultry Meat,intensive,0.9045162272035243,,0.9045162272035243
SOM,Poultry Meat,intensive,0.16889025845070427,,0.16889025845070427
SRB,Poultry Meat,intensive,0.9756631661149486,,0.9756631661149486
SSA,Poultry Meat,intensive,0.6445772226876738,,0.6445772226876738
SSF,Poultry Meat,intensive,0.6448166349103531,,0.6448166349103531
SST,Poultry Meat,intensive,0.9751425974259764,,0.9751425974259764
STP,Poultry Meat,intensive,0.6804623517529678,,0.6804623517529678
SUR,Poultry Meat,intensive,0.9587538415386441,,0.9587538415386441
SVK,Poultry Meat,intensive,0.9897255099722367,0.9,0.9
SVN,Poultry Meat,intensive,0.9932380060386812,0.99,0.99
SWE,Poultry Meat,intensive,0.9960472695621725,0.99,0.99
SWZ,Poultry Meat,intensive,0.9003586790055458,,0.9003586790055458
SYC,Poultry Meat,intensive,0.9876080477790459,,0.9876080477790459
TCA,Poultry Meat,intensive,0.9724529728246629,,0.9724529728246629
TCD,Poultry Meat,intensive,0.23593029500859486,0.010000000000000009,0.010000000000000009
TEA,Poultry Meat,intensive,0.9623671490752281,,0.9623671490752281
TEC,Poultry Meat,intensive,0.98298425956625,,0.98298425956625
TGO,Poultry Meat,intensive,0.392377200774477,0.29999999999999993,0.29999999999999993
THA,Poultry Meat,intensive,0.968162294169686,0.6699999999999999,0.6699999999999999
TJK,Poultry Meat,intensive,0.6652421722228516,,0.6652421722228516
TLA,Poultry Meat,intensive,0.9630231159695645,,0.9630231159695645
TLS,Poultry Meat,intensive,0.7606704470826655,,0.7606704470826655
TMN,Poultry Meat,intensive,0.924983427314932,,0.924983427314932
TON,Poultry Meat,intensive,0.8212595525155292,,0.8212595525155292
TSA,Poultry Meat,intensive,0.8279937067342215,,0.8279937067342215
TSS,Poultry Meat,intensive,0.6448166349103531,,0.6448166349103531
TTO,Poultry Meat,intensive,0.9814415313048575,,0.9814415313048575
TUN,Poultry Meat,intensive,0.923982421621317,0.4,0.4
TUR,Poultry Meat,intensive,0.9894856729449858,,0.9894856729449858
TUV,Poultry Meat,intensive,0.7532675261365578,,0.7532675261365578
TZA,Poultry Meat,intensive,0.48067731976871697,0.29999999999999993,0.29999999999999993
UGA,Poultry Meat,intensive,0.4171559961290644,0.09999999999999998,0.09999999999999998
UKR,Poultry Meat,intensive,0.9479703003832891,0.25,0.25
UMC,Poultry Meat,intensive,0.9715774969408323,,0.9715774969408323
URY,Poultry Meat,intensive,0.9810909889107876,,0.9810909889107876
USA,Poultry Meat,intensive,0.9971201650729263,0.99,0.99
UZB,Poultry Meat,intensive,0.8755389764458488,,0.8755389764458488
VCT,Poultry Meat,intensive,0.9528809825238168,,0.9528809825238168
VNM,Poultry Meat,intensive,0.9267778481661004,0.29999999999999993,0.29999999999999993
VUT,Poultry Meat,intensive,0.5153604632606328,,0.5153604632606328
WLD,Poultry Meat,intensive,0.9678939818415222,,0.9678939818415222
WSM,Poultry Meat,intensive,0.791174082179674,0.19999999999999996,0.19999999999999996
XKX,Poultry Meat,intensive,0.9396115675227704,,0.9396115675227704
ZAF,Poultry Meat,intensive,0.950469583551316,0.8,0.8
ZMB,Poultry Meat,intensive,0.5843476373340555,,0.5843476373340555
ZWE,Poultry Meat,intensive,0.39037106538448196,0.7,0.7
ABW,Pigmeat,intensive,0.9891566387198683,,0.9891566387198683
AFE,Pigmeat,intensive,0.22061837956778196,,0.22061837956778196
AFG,Pigmeat,intensive,0.12844423526153925,1.0,1.0
AFW,Pigmeat,intensive,0.25758760477566955,,0.25758760477566955
AGO,Pigmeat,intensive,0.42373341796500863,,0.42373341796500863
ALB,Pigmeat,intensive,0.8709672763566392,,0.8709672763566392
ARB,Pigmeat,intensive,0.8473683510692951,,0.8473683510692951
ARE,Pigmeat,intensive,0.9976911528424462,1.0,1.0
ARG,Pigmeat,intensive,0.9500549389089745,0.78,0.78
ARM,Pigmeat,intensive,0.8641644943390259,,0.8641644943390259
ATG,Pigmeat,intensive,0.9329560673917183,,0.9329560673917183
AUS,Pigmeat,intensive,0.9943548338216208,,0.9943548338216208
AUT,Pigmeat,intensive,0.9954771768073238,0.982,0.982
AZE,Pigmeat,intensive,0.8691886299754824,,0.8691886299754824
BDI,Pigmeat,intensive,0.11763961781525589,0.09999999999999998,0.09999999999999998
BEL,Pigmeat,intensive,0.9949047102640152,1.0,1.0
BEN,Pigmeat,intensive,0.207323395775049,0.19999999999999996,0.19999999999999996
BFA,Pigmeat,intensive,0.14797776060582013,0.06999999999999995,0.06999999999999995
BGD,Pigmeat,intensive,0.42395426538695136,0.010000000000000009,0.010000000000000009
BGR,Pigmeat,intensive,0.9636308615123095,0.7969999999999999,0.7969999999999999
BHR,Pigmeat,intensive,0.9942370733655559,1.0,1.0
BHS,Pigmeat,intensive,0.9790366283424897,,0.9790366283424897
BIH,Pigmeat,intensive,0.8917302347124906,,0.8917302347124906
BLR,Pigmeat,intensive,0.9380863858707205,,0.9380863858707205
BLZ,Pigmeat,intensive,0.6499090808815267,,0.6499090808815267
BMU,Pigmeat,intensive,0.9984114072586124,,0.9984114072586124
BOL,Pigmeat,intensive,0.6013725480459986,0.8,0.8
BRA,Pigmeat,intensive,0.8724408779435111,0.6499999999999999,0.6499999999999999
BRB,Pigmeat,intensive,0.8542816829431555,,0.8542816829431555
BRN,Pigmeat,intensive,0.9965781753003937,,0.9965781753003937
BTN,Pigmeat,intensive,0.7631488480189275,0.49,0.49
BWA,Pigmeat,intensive,0.8772718513771207,0.010000000000000009,0.010000000000000009
CAF,Pigmeat,intensive,0.11859055963255971,,0.11859055963255971
CAN,Pigmeat,intensive,0.9937491999209593,1.0,1.0
CEB,Pigmeat,intensive,0.9843994309149564,,0.9843994309149564
CHE,Pigmeat,intensive,0.9978016075586611,0.996,0.996
CHL,Pigmeat,intensive,0.96735150918674,0.95,0.95
CHN,Pigmeat,intensive,0.9179305464961016,,0.9179305464961016
CIV,Pigmeat,intensive,0.37075393901355147,0.44999999999999996,0.44999999999999996
CMR,Pigmeat,intensive,0.23370750166801368,0.4,0.4
COD,Pigmeat,intensive,0.12100542440565765,0.35,0.35
COG,Pigmeat,intensive,0.2016859289945464,,0.2016859289945464
COL,Pigmeat,intensive,0.8735548154187307,0.5,0.5
COM,Pigmeat,intensive,0.20131262036089226,1.0,1.0
CPV,Pigmeat,intensive,0.4422447389476033,0.010000000000000009,0.010000000000000009
CRI,Pigmeat,intensive,0.9480936034286842,0.9,0.9
CSS,Pigmeat,intensive,0.8933667071828926,,0.8933667071828926
CUW,Pigmeat,intensive,0.9454531299716771,,0.9454531299716771
CYM,Pigmeat,intensive,0.9974826663567826,,0.9974826663567826
CYP,Pigmeat,intensive,0.9909915932741439,0.996,0.996
CZE,Pigmeat,intensive,0.9904210571039751,0.997,0.997
DEU,Pigmeat,intensive,0.9952619739875105,0.998,0.998
DJI,Pigmeat,intensive,0.3337156324539786,1.0,1.0
DMA,Pigmeat,intensive,0.7618827984520278,,0.7618827984520278
DNK,Pigmeat,intensive,0.996228793404731,1.0,1.0
DOM,Pigmeat,intensive,0.9284678965995731,,0.9284678965995731
DZA,Pigmeat,intensive,0.7686589362769867,,0.7686589362769867
EAP,Pigmeat,intensive,0.886944774899074,,0.886944774899074
EAR,Pigmeat,intensive,0.6861971411855076,,0.6861971411855076
EAS,Pigmeat,intensive,0.9280086280700014,,0.9280086280700014
ECA,Pigmeat,intensive,0.956638750410778,,0.956638750410778
ECS,Pigmeat,intensive,0.9862151030567028,,0.9862151030567028
ECU,Pigmeat,intensive,0.7527768771779795,,0.7527768771779795
EGY,Pigmeat,intensive,0.7892039451143873,,0.7892039451143873
EMU,Pigmeat,intensive,0.993170076485745,,0.993170076485745
ESP,Pigmeat,intensive,0.9884251184139654,0.995,0.995
EST,Pigmeat,intensive,0.9890468182198473,0.991,0.991
ETH,Pigmeat,intensive,0.15346846490658994,,0.15346846490658994
EUU,Pigmeat,intensive,0.99224453321003,,0.99224453321003
FCS,Pigmeat,intensive,0.28556109366971905,,0.28556109366971905
FIN,Pigmeat,intensive,0.9940366967173625,1.0,1.0
FJI,Pigmeat,intensive,0.7385765423003385,,0.7385765423003385
FRA,Pigmeat,intensive,0.9926276047385459,0.998,0.998
FSM,Pigmeat,intensive,0.20690881769335412,,0.20690881769335412
GAB,Pigmeat,intensive,0.8556615657900397,,0.8556615657900397
GBR,Pigmeat,intensive,0.9926213658185492,0.996,0.996
GEO,Pigmeat,intensive,0.8887746007503893,,0.8887746007503893
GHA,Pigmeat,intensive,0.3807583282988548,0.4,0.4
GIN,Pigmeat,intensive,0.16802040965452014,0.12,0.12
GMB,Pigmeat,intensive,0.1442263924953976,0.09999999999999998,0.09999999999999998
GNB,Pigmeat,intensive,0.13638538650317555,,0.13638538650317555
GNQ,Pigmeat,intensive,0.873326367322771,,0.873326367322771
GRC,Pigmeat,intensive,0.9777943781763963,0.962,0.962
GRD,Pigmeat,intensive,0.8527032818055997,,0.8527032818055997
GTM,Pigmeat,intensive,0.6602985816846196,0.52,0.52
GUY,Pigmeat,intensive,0.9523044510650064,,0.9523044510650064
HIC,Pigmeat,intensive,0.9944579076066906,,0.9944579076066906
HKG,Pigmeat,intensive,0.9965556007670842,,0.9965556007670842
HND,Pigmeat,intensive,0.3932072308787764,0.74,0.74
HPC,Pigmeat,intensive,0.16222110831116154,,0.16222110831116154
HRV,Pigmeat,intensive,0.9814079146658838,0.755,0.755
HTI,Pigmeat,intensive,0.18002762185620524,,0.18002762185620524
HUN,Pigmeat,intensive,0.9841051191297058,0.863,0.863
IBD,Pigmeat,intensive,0.8562120196556764,,0.8562120196556764
IBT,Pigmeat,intensive,0.7735751757486109,,0.7735751757486109
IDA,Pigmeat,intensive,0.23882332398339012,,0.23882332398339012
IDB,Pigmeat,intensive,0.345014321297449,,0.345014321297449
IDN,Pigmeat,intensive,0.7996792651092435,,0.7996792651092435
IDX,Pigmeat,intensive,0.19628171241561332,,0.19628171241561332
IND,Pigmeat,intensive,0.4844620611959142,0.22999999999999998,0.22999999999999998
IRL,Pigmeat,intensive,0.9991706484355347,0.999,0.999
IRN,Pigmeat,intensive,0.8803279920838332,1.0,1.0
IRQ,Pigmeat,intensive,0.662518380402815,1.0,1.0
ISL,Pigmeat,intensive,0.995356577605804,1.0,1.0
ISR,Pigmeat,intensive,0.9911931521524802,,0.9911931521524802
ITA,Pigmeat,intensive,0.9911199826213485,0.994,0.994
JAM,Pigmeat,intensive,0.6996005265626022,0.43999999999999995,0.43999999999999995
JOR,Pigmeat,intensive,0.678301205833717,1.0,1.0
JPN,Pigmeat,intensive,0.990447874711732,,0.990447874711732
KAZ,Pigmeat,intensive,0.9694329708545455,,0.9694329708545455
KEN,Pigmeat,intensive,0.3187178558371857,0.43999999999999995,0.43999999999999995
KGZ,Pigmeat,intensive,0.32500598344858733,,0.32500598344858733
KHM,Pigmeat,intensive,0.2853324072447796,0.19999999999999996,0.19999999999999996
KIR,Pigmeat,intensive,0.1395830710675161,,0.1395830710675161
KNA,Pigmeat,intensive,0.9705347186917792,,0.9705347186917792
KOR,Pigmeat,intensive,0.9922880376102693,1.0,1.0
LAC,Pigmeat,intensive,0.8819458579871974,,0.8819458579871974
LAO,Pigmeat,intensive,0.586282879420333,0.15000000000000002,0.15000000000000002
LBN,Pigmeat,intensive,0.8344326522825838,,0.8344326522825838
LBR,Pigmeat,intensive,0.12653564268675033,,0.12653564268675033
LBY,Pigmeat,intensive,0.9525229027710972,1.0,1.0
LCA,Pigmeat,intensive,0.8363175563372741,,0.8363175563372741
LCN,Pigmeat,intensive,0.8934605105429463,,0.8934605105429463
LDC,Pigmeat,intensive,0.1908823677065481,,0.1908823677065481
LIC,Pigmeat,intensive,0.140208758063452,,0.140208758063452
LKA,Pigmeat,intensive,0.8452767744455733,0.4,0.4
LMC,Pigmeat,intensive,0.5390873616203362,,0.5390873616203362
LMY,Pigmeat,intensive,0.7588224404281139,,0.7588224404281139
LSO,Pigmeat,intensive,0.15249372248676063,0.21999999999999997,0.21999999999999997
LTE,Pigmeat,intensive,0.9270827333576616,,0.9270827333576616
LTU,Pigmeat,intensive,0.9894725279626435,0.8049999999999999,0.8049999999999999
LUX,Pigmeat,intensive,0.9993989825956299,1.0,1.0
LVA,Pigmeat,intensive,0.9820738826619227,0.89,0.89
MAC,Pigmeat,intensive,0.997194169656612,,0.997194169656612
MAR,Pigmeat,intensive,0.6018224880831777,,0.6018224880831777
MDA,Pigmeat,intensive,0.8601242181104265,,0.8601242181104265
MDG,Pigmeat,intensive,0.12734041809478625,0.44999999999999996,0.44999999999999996
MDV,Pigmeat,intensive,0.9297599679817118,1.0,1.0
MEA,Pigmeat,intensive,0.8935281307578349,,0.8935281307578349
MEX,Pigmeat,intensive,0.9326243594097046,0.5,0.5
MHL,Pigmeat,intensive,0.4285428514398619,,0.4285428514398619
MIC,Pigmeat,intensive,0.80084009054295,,0.80084009054295
MKD,Pigmeat,intensive,0.9037231054293845,,0.9037231054293845
MLI,Pigmeat,intensive,0.1457945633664246,0.4,0.4
MLT,Pigmeat,intensive,0.9924809490901849,1.0,1.0
MMR,Pigmeat,intensive,0.25908196878345324,0.04999999999999993,0.04999999999999993
MNA,Pigmeat,intensive,0.7414733338000179,,0.7414733338000179
MNE,Pigmeat,intensive,0.9442515966136201,0.2909999999999999,0.2909999999999999
MNG,Pigmeat,intensive,0.7929478886343263,,0.7929478886343263
MOZ,Pigmeat,intensive,0.12312152726581416,,0.12312152726581416
MRT,Pigmeat,intensive,0.3691666517955483,1.0,1.0
MUS,Pigmeat,intensive,0.9466475839539923,0.0,0.0
MWI,Pigmeat,intensive,0.12790902689781847,0.13,0.13
MYS,Pigmeat,intensive,0.9700931374499032,1.0,1.0
NAC,Pigmeat,intensive,0.9968513540388874,,0.9968513540388874
NAM,Pigmeat,intensive,0.6732186179761224,0.35,0.35
NER,Pigmeat,intensive,0.12252154107781021,0.35,0.35
NGA,Pigmeat,intensive,0.33454973936613863,0.08999999999999997,0.08999999999999997
NIC,Pigmeat,intensive,0.39925971683819883,,0.39925971683819883
NLD,Pigmeat,intensive,0.9959865535941466,1.0,1.0
NOR,Pigmeat,intensive,0.9972912387754638,0.999,0.999
NPL,Pigmeat,intensive,0.24352131578122482,0.42000000000000004,0.42000000000000004
NRU,Pigmeat,intensive,0.8027555953461497,,0.8027555953461497
NZL,Pigmeat,intensive,0.9916478954834865,,0.9916478954834865
OED,Pigmeat,intensive,0.9925553264156276,,0.9925553264156276
OMN,Pigmeat,intensive,0.9849418396420506,1.0,1.0
OSS,Pigmeat,intensive,0.9502797200537701,,0.9502797200537701
PAK,Pigmeat,intensive,0.36234184025549643,1.0,1.0
PAN,Pigmeat,intensive,0.976768175262406,0.62,0.62
PER,Pigmeat,intensive,0.8210342098461563,0.010000000000000009,0.010000000000000009
PHL,Pigmeat,intensive,0.604439494638635,0.29000000000000004,0.29000000000000004
PLW,Pigmeat,intensive,0.8550002525465795,,0.8550002525465795
PNG,Pigmeat,intensive,0.2320235391761123,0.020000000000000018,0.020000000000000018
POL,Pigmeat,intensive,0.9856327945604171,0.956,0.956
PRE,Pigmeat,intensive,0.2094282070130783,,0.2094282070130783
PRI,Pigmeat,intensive,0.9828537540626648,,0.9828537540626648
PRT,Pigmeat,intensive,0.9842053673350843,0.952,0.952
PRY,Pigmeat,intensive,0.8526889372780183,0.29999999999999993,0.29999999999999993
PSE,Pigmeat,intensive,0.3996527937844543,,0.3996527937844543
PSS,Pigmeat,intensive,0.42320709719226024,,0.42320709719226024
PST,Pigmeat,intensive,0.9941408781304681,,0.9941408781304681
QAT,Pigmeat,intensive,0.9989216402295475,1.0,1.0
ROU,Pigmeat,intensive,0.9800260355338845,0.44399999999999995,0.44399999999999995
RUS,Pigmeat,intensive,0.9743777636681858,0.62,0.62
RWA,Pigmeat,intensive,0.15024993637547446,,0.15024993637547446
SAS,Pigmeat,intensive,0.4587870955466211,,0.4587870955466211
SAU,Pigmeat,intensive,0.9923371138261614,1.0,1.0
SDN,Pigmeat,intensive,0.23375191049929334,1.0,1.0
SEN,Pigmeat,intensive,0.21906214369405053,0.19999999999999996,0.19999999999999996
SGP,Pigmeat,intensive,0.999242205591956,,0.999242205591956
SLB,Pigmeat,intensive,0.15715128467724215,,0.15715128467724215
SLE,Pigmeat,intensive,0.13067441813379388,,0.13067441813379388
SLV,Pigmeat,intensive,0.6700974884503887,0.47,0.47
SOM,Pigmeat,intensive,0.12182200466935567,,0.12182200466935567
SRB,Pigmeat,intensive,0.938703970055788,,0.938703970055788
SSA,Pigmeat,intensive,0.2347681201077837,,0.2347681201077837
SSF,Pigmeat,intensive,0.23492300780688924,,0.23492300780688924
SST,Pigmeat,intensive,0.936896608830199,,0.936896608830199
STP,Pigmeat,intensive,0.26062888297901377,0.09999999999999998,0.09999999999999998
SUR,Pigmeat,intensive,0.8758551387178183,,0.8758551387178183
SVK,Pigmeat,intensive,0.9817560663707184,0.959,0.959
SVN,Pigmeat,intensive,0.9899708050797502,0.813,0.813
SWE,Pigmeat,intensive,0.9953628300677702,0.999,0.999
SWZ,Pigmeat,intensive,0.6559116311440164,0.21999999999999997,0.21999999999999997
SYC,Pigmeat,intensive,0.9761828670470214,,0.9761828670470214
TCA,Pigmeat,intensive,0.9273894012405643,,0.9273894012405643
TCD,Pigmeat,intensive,0.12657981154989184,0.0,0.0
TEA,Pigmeat,intensive,0.8898151370981578,,0.8898151370981578
TEC,Pigmeat,intensive,0.9627293557862238,,0.9627293557862238
TGO,Pigmeat,intensive,0.1459459271569724,,0.1459459271569724
THA,Pigmeat,intensive,0.9117196528879017,0.8,0.8
TJK,Pigmeat,intensive,0.24897790218021787,,0.24897790218021787
TLA,Pigmeat,intensive,0.8923281654646358,,0.8923281654646358
TLS,Pigmeat,intensive,0.34435438022279863,,0.34435438022279863
TMN,Pigmeat,intensive,0.7441741042458326,,0.7441741042458326
TON,Pigmeat,intensive,0.44481785435646115,,0.44481785435646115
TSA,Pigmeat,intensive,0.4587870955466211,,0.4587870955466211
TSS,Pigmeat,intensive,0.23492300780688924,,0.23492300780688924
TTO,Pigmeat,intensive,0.9579109207130944,,0.9579109207130944
TUN,Pigmeat,intensive,0.7404027795086299,,0.7404027795086299
TUR,Pigmeat,intensive,0.9811461237146923,,0.9811461237146923
TUV,Pigmeat,intensive,0.3346738636601341,,0.3346738636601341
TZA,Pigmeat,intensive,0.1651683142904632,0.91,0.91
UGA,Pigmeat,intensive,0.15054261307254357,,0.15054261307254357
UKR,Pigmeat,intensive,0.8335020963107259,0.36,0.36
UMC,Pigmeat,intensive,0.9242385749886496,,0.9242385749886496
URY,Pigmeat,intensive,0.9567959232683834,0.75,0.75
USA,Pigmeat,intensive,0.9970603815209669,0.99,0.99
UZB,Pigmeat,intensive,0.5778376449370333,,0.5778376449370333
VCT,Pigmeat,intensive,0.8528651519392452,,0.8528651519392452
VNM,Pigmeat,intensive,0.7509675808590012,0.19999999999999996,0.19999999999999996
VUT,Pigmeat,intensive,0.17532058582628618,,0.17532058582628618
WLD,Pigmeat,intensive,0.9107222410324928,,0.9107222410324928
WSM,Pigmeat,intensive,0.3897474026887148,0.19999999999999996,0.19999999999999996
XKX,Pigmeat,intensive,0.8005825012924648,,0.8005825012924648
ZAF,Pigmeat,intensive,0.8433642153093127,,0.8433642153093127
ZMB,Pigmeat,intensive,0.2018386301685019,,0.2018386301685019
ZWE,Pigmeat,intensive,0.14559688312646235,0.5,0.5
ASM,Pigmeat,extensive,,0.14,0.14
KWT,Pigmeat,extensive,,0.0,0.0
MYT,Pigmeat,extensive,,0.0,0.0
SYR,Pigmeat,extensive,,0.0,0.0
YEM,Pigmeat,extensive,,0.0,0.0
SYR,Poultry Meat,extensive,,0.1,0.1
YEM,Poultry Meat,extensive,,0.07,0.07
ASM,Pigmeat,intensive,,0.86,0.86
KWT,Pigmeat,intensive,,1.0,1.0
MYT,Pigmeat,intensive,,1.0,1.0
SYR,Pigmeat,intensive,,1.0,1.0
YEM,Pigmeat,intensive,,1.0,1.0
SYR,Poultry Meat,intensive,,0.9,0.9
YEM,Poultry Meat,intensive,,0.9299999999999999,0.9299999999999999
